"1";"jít";"9 610";"78,882"
"2";"vidět";"9 408";"77,224"
"3";"být";"5 405";"44,366"
"4";"dělat";"2 694";"22,113"
"5";"bát";"2 475";"20,316"
"6";"věřit";"2 314";"18,994"
"7";"běžet";"1 857";"15,243"
"8";"říkat";"1 742";"14,299"
"9";"mít";"1 686";"13,839"
"10";"poslouchat";"1 531";"12,567"
"11";"myslet";"1 343";"11,024"
"12";"držet";"1 246";"10,228"
"13";"snažit";"1 210";"9,932"
"14";"dávat";"1 204";"9,883"
"15";"mluvit";"1 149";"9,431"
"16";"brát";"1 087";"8,923"
"17";"slyšet";"1 056";"8,668"
"18";"pokračovat";"879";"7,215"
"19";"číst";"870";"7,141"
"20";"vítat";"866";"7,108"
"21";"podávat";"850";"6,977"
"22";"hledat";"847";"6,952"
"23";"psát";"836";"6,862"
"24";"péci";"820";"6,731"
"25";"pamatovat";"818";"6,714"
"26";"koukat";"816";"6,698"
"27";"zapomínat";"809";"6,641"
"28";"jet";"769";"6,312"
"29";"zlobit";"758";"6,222"
"30";"počítat";"758";"6,222"
"31";"vařit";"749";"6,148"
"32";"chodit";"705";"5,787"
"33";"stát";"700";"5,746"
"34";"používat";"681";"5,59"
"35";"čekat";"668";"5,483"
"36";"ptát";"654";"5,368"
"37";"povídat";"637";"5,229"
"38";"sledovat";"613";"5,032"
"39";"doufat";"609";"4,999"
"40";"dívat";"585";"4,802"
"41";"chtít";"490";"4,022"
"42";"vybírat";"484";"3,973"
"43";"jíst";"472";"3,874"
"44";"volit";"437";"3,587"
"45";"předpokládat";"429";"3,521"
"46";"vědět";"398";"3,267"
"47";"hrát";"364";"2,988"
"48";"přemýšlet";"363";"2,98"
"49";"posílat";"361";"2,963"
"50";"dbát";"357";"2,93"
"51";"chránit";"353";"2,898"
"52";"hádat";"347";"2,848"
"53";"pít";"337";"2,766"
"54";"mlčet";"327";"2,684"
"55";"opakovat";"326";"2,676"
"56";"smažit";"314";"2,577"
"57";"váhat";"297";"2,438"
"58";"vyprávět";"293";"2,405"
"59";"spát";"285";"2,339"
"60";"rozumět";"282";"2,315"
"61";"utíkat";"281";"2,307"
"62";"divit";"280";"2,298"
"63";"pozdravovat";"270";"2,216"
"64";"uvažovat";"270";"2,216"
"65";"volat";"262";"2,151"
"66";"všímat";"249";"2,044"
"67";"užívat";"249";"2,044"
"68";"podceňovat";"240";"1,97"
"69";"nechávat";"235";"1,929"
"70";"vstávat";"235";"1,929"
"71";"zkoušet";"222";"1,822"
"72";"žít";"221";"1,814"
"73";"milovat";"220";"1,806"
"74";"postupovat";"220";"1,806"
"75";"míchat";"219";"1,798"
"76";"hledět";"215";"1,765"
"77";"nosit";"210";"1,724"
"78";"starat";"209";"1,716"
"79";"ráčit";"208";"1,707"
"80";"dýchat";"207";"1,699"
"81";"pracovat";"206";"1,691"
"82";"modlit";"202";"1,658"
"83";"kupovat";"200";"1,642"
"84";"hýbat";"200";"1,642"
"85";"šetřit";"199";"1,633"
"86";"řešit";"192";"1,576"
"87";"trápit";"190";"1,56"
"88";"táhnout";"190";"1,56"
"89";"chovat";"189";"1,551"
"90";"hlídat";"186";"1,527"
"91";"těšit";"183";"1,502"
"92";"vyhýbat";"182";"1,494"
"93";"plakat";"180";"1,478"
"94";"udržovat";"178";"1,461"
"95";"začínat";"174";"1,428"
"96";"přidávat";"169";"1,387"
"97";"učit";"164";"1,346"
"98";"sahat";"163";"1,338"
"99";"bavit";"162";"1,33"
"100";"bláznit";"162";"1,33"
"101";"restovat";"160";"1,313"
"102";"vést";"156";"1,281"
"103";"dusit";"153";"1,256"
"104";"přehánět";"152";"1,248"
"105";"sedět";"152";"1,248"
"106";"přát";"148";"1,215"
"107";"žehnat";"146";"1,198"
"108";"dotýkat";"145";"1,19"
"109";"smát";"144";"1,182"
"110";"důvěřovat";"144";"1,182"
"111";"dodržovat";"143";"1,174"
"112";"pouštět";"143";"1,174"
"113";"bojovat";"143";"1,174"
"114";"opékat";"143";"1,174"
"115";"blbnout";"138";"1,133"
"116";"pokoušet";"137";"1,125"
"117";"vykládat";"136";"1,116"
"118";"zpívat";"135";"1,108"
"119";"spěchat";"134";"1,1"
"120";"pomáhat";"133";"1,092"
"121";"stydět";"132";"1,084"
"122";"plést";"132";"1,084"
"123";"vracet";"131";"1,075"
"124";"vzdávat";"130";"1,067"
"125";"hodit";"130";"1,067"
"126";"zasílat";"129";"1,059"
"127";"střílet";"128";"1,051"
"128";"naslouchat";"127";"1,042"
"129";"kontaktovat";"127";"1,042"
"130";"křičet";"126";"1,034"
"131";"chápat";"125";"1,026"
"132";"kontrolovat";"124";"1,018"
"133";"padat";"123";"1,01"
"134";"jednat";"122";"1,001"
"135";"jezdit";"122";"1,001"
"136";"radovat";"120";"0,985"
"137";"řídit";"119";"0,977"
"138";"prát";"117";"0,96"
"139";"tvářit";"116";"0,952"
"140";"kombinovat";"114";"0,936"
"141";"považovat";"114";"0,936"
"142";"tlačit";"113";"0,928"
"143";"nutit";"111";"0,911"
"144";"zalévat";"109";"0,895"
"145";"cvičit";"109";"0,895"
"146";"provádět";"108";"0,887"
"147";"zoufat";"108";"0,887"
"148";"lézt";"108";"0,887"
"149";"ztrácet";"105";"0,862"
"150";"vážit";"104";"0,854"
"151";"odcházet";"103";"0,845"
"152";"spoléhat";"103";"0,845"
"153";"odpočívat";"103";"0,845"
"154";"bránit";"102";"0,837"
"155";"vnímat";"102";"0,837"
"156";"představovat";"102";"0,837"
"157";"lámat";"100";"0,821"
"158";"zajímat";"98";"0,804"
"159";"měnit";"98";"0,804"
"160";"mazat";"97";"0,796"
"161";"očekávat";"96";"0,788"
"162";"sbírat";"96";"0,788"
"163";"srát";"95";"0,78"
"164";"nanášet";"95";"0,78"
"165";"sázet";"94";"0,772"
"166";"pozorovat";"94";"0,772"
"167";"prosit";"93";"0,763"
"168";"opatrovat";"93";"0,763"
"169";"následovat";"90";"0,739"
"170";"kecat";"90";"0,739"
"171";"lít";"89";"0,731"
"172";"ochraňovat";"88";"0,722"
"173";"přestávat";"88";"0,722"
"174";"přibližovat";"87";"0,714"
"175";"nakupovat";"84";"0,69"
"176";"šlehat";"84";"0,69"
"177";"skladovat";"83";"0,681"
"178";"letět";"83";"0,681"
"179";"mýt";"83";"0,681"
"180";"děkovat";"80";"0,657"
"181";"sdílet";"77";"0,632"
"182";"pochybovat";"77";"0,632"
"183";"zvedat";"77";"0,632"
"184";"žádat";"76";"0,624"
"185";"pokládat";"76";"0,624"
"186";"lhát";"75";"0,616"
"187";"grilovat";"75";"0,616"
"188";"otevírat";"75";"0,616"
"189";"odpovídat";"74";"0,607"
"190";"odkládat";"74";"0,607"
"191";"aktivovat";"73";"0,599"
"192";"zabíjet";"72";"0,591"
"193";"běhat";"72";"0,591"
"194";"tvořit";"72";"0,591"
"195";"opouštět";"72";"0,591"
"196";"usmívat";"71";"0,583"
"197";"brečet";"71";"0,583"
"198";"využívat";"71";"0,583"
"199";"respektovat";"70";"0,575"
"200";"měřit";"69";"0,566"
"201";"pečovat";"68";"0,558"
"202";"soudit";"68";"0,558"
"203";"zdržovat";"68";"0,558"
"204";"dít";"66";"0,542"
"205";"pálit";"66";"0,542"
"206";"rozčilovat";"66";"0,542"
"207";"tahat";"64";"0,525"
"208";"vysazovat";"64";"0,525"
"209";"kouřit";"64";"0,525"
"210";"mixovat";"64";"0,525"
"211";"odstraňovat";"64";"0,525"
"212";"hlásit";"63";"0,517"
"213";"zahřívat";"62";"0,509"
"214";"vyhazovat";"62";"0,509"
"215";"vycházet";"61";"0,501"
"216";"stříci";"61";"0,501"
"217";"kašlat";"61";"0,501"
"218";"uchovávat";"60";"0,493"
"219";"líbat";"60";"0,493"
"220";"stavět";"59";"0,484"
"221";"sušit";"59";"0,484"
"222";"plánovat";"59";"0,484"
"223";"podporovat";"58";"0,476"
"224";"opovažovat";"57";"0,468"
"225";"chválit";"57";"0,468"
"226";"ignorovat";"56";"0,46"
"227";"malovat";"55";"0,451"
"228";"diskutovat";"55";"0,451"
"229";"činit";"55";"0,451"
"230";"řezat";"54";"0,443"
"231";"rušit";"54";"0,443"
"232";"platit";"54";"0,443"
"233";"hlasovat";"54";"0,443"
"234";"pátrat";"53";"0,435"
"235";"otáčet";"53";"0,435"
"236";"připravovat";"52";"0,427"
"237";"skákat";"52";"0,427"
"238";"házet";"52";"0,427"
"239";"ukládat";"52";"0,427"
"240";"bít";"52";"0,427"
"241";"předstírat";"51";"0,419"
"242";"umět";"51";"0,419"
"243";"přerušovat";"50";"0,41"
"244";"nést";"50";"0,41"
"245";"ovládat";"50";"0,41"
"246";"zastavovat";"50";"0,41"
"247";"trénovat";"49";"0,402"
"248";"ukazovat";"49";"0,402"
"249";"řvát";"49";"0,402"
"250";"střídat";"49";"0,402"
"251";"stěžovat";"48";"0,394"
"252";"zkoumat";"48";"0,394"
"253";"omlouvat";"48";"0,394"
"254";"masírovat";"48";"0,394"
"255";"vysvětlovat";"48";"0,394"
"256";"ležet";"48";"0,394"
"257";"brzdit";"47";"0,386"
"258";"vymýšlet";"47";"0,386"
"259";"hýčkat";"47";"0,386"
"260";"čistit";"47";"0,386"
"261";"přísahat";"47";"0,386"
"262";"konat";"47";"0,386"
"263";"fotit";"46";"0,378"
"264";"skládat";"46";"0,378"
"265";"připomínat";"46";"0,378"
"266";"předbíhat";"46";"0,378"
"267";"obracet";"45";"0,369"
"268";"točit";"45";"0,369"
"269";"ubližovat";"44";"0,361"
"270";"pohybovat";"44";"0,361"
"271";"zavírat";"44";"0,361"
"272";"podléhat";"44";"0,361"
"273";"větrat";"44";"0,361"
"274";"děsit";"43";"0,353"
"275";"ohlížet";"43";"0,353"
"276";"litovat";"43";"0,353"
"277";"trvat";"43";"0,353"
"278";"propadat";"43";"0,353"
"279";"lekat";"43";"0,353"
"280";"promíchávat";"43";"0,353"
"281";"přilévat";"43";"0,353"
"282";"vytvářet";"42";"0,345"
"283";"plýtvat";"42";"0,345"
"284";"plnit";"42";"0,345"
"285";"konzumovat";"42";"0,345"
"286";"tancovat";"41";"0,337"
"287";"obtěžovat";"41";"0,337"
"288";"panovat";"41";"0,337"
"289";"objevovat";"41";"0,337"
"290";"reagovat";"40";"0,328"
"291";"krmit";"40";"0,328"
"292";"experimentovat";"40";"0,328"
"293";"vykrajovat";"40";"0,328"
"294";"namáhat";"40";"0,328"
"295";"tvrdit";"39";"0,32"
"296";"citovat";"38";"0,312"
"297";"množit";"38";"0,312"
"298";"spouštět";"38";"0,312"
"299";"mlít";"38";"0,312"
"300";"umírat";"38";"0,312"
"301";"urážet";"38";"0,312"
"302";"klást";"37";"0,304"
"303";"stříhat";"37";"0,304"
"304";"sedat";"37";"0,304"
"305";"vkládat";"37";"0,304"
"306";"prověřovat";"37";"0,304"
"307";"zůstávat";"37";"0,304"
"308";"krájet";"37";"0,304"
"309";"kazit";"36";"0,296"
"310";"čumět";"36";"0,296"
"311";"zacházet";"36";"0,296"
"312";"pěstovat";"36";"0,296"
"313";"sklízet";"36";"0,296"
"314";"smět";"35";"0,287"
"315";"omezovat";"35";"0,287"
"316";"ničit";"35";"0,287"
"317";"soutěžit";"35";"0,287"
"318";"otravovat";"35";"0,287"
"319";"pospíchat";"35";"0,287"
"320";"chytat";"35";"0,287"
"321";"uklízet";"34";"0,279"
"322";"zabývat";"34";"0,279"
"323";"trestat";"34";"0,279"
"324";"namáčet";"34";"0,279"
"325";"makat";"33";"0,271"
"326";"studovat";"33";"0,271"
"327";"relaxovat";"33";"0,271"
"328";"vypínat";"33";"0,271"
"329";"mířit";"33";"0,271"
"330";"zapisovat";"33";"0,271"
"331";"budovat";"33";"0,271"
"332";"pořizovat";"32";"0,263"
"333";"panikařit";"32";"0,263"
"334";"otálet";"32";"0,263"
"335";"riskovat";"32";"0,263"
"336";"přistupovat";"32";"0,263"
"337";"blanšírovat";"32";"0,263"
"338";"kreslit";"31";"0,254"
"339";"tvarovat";"31";"0,254"
"340";"tisknout";"31";"0,254"
"341";"vyčítat";"31";"0,254"
"342";"vystavovat";"31";"0,254"
"343";"lepit";"31";"0,254"
"344";"požadovat";"31";"0,254"
"345";"vypravovat";"31";"0,254"
"346";"sladit";"31";"0,254"
"347";"tančit";"31";"0,254"
"348";"nazývat";"30";"0,246"
"349";"cestovat";"30";"0,246"
"350";"zvykat";"30";"0,246"
"351";"posilovat";"30";"0,246"
"352";"usilovat";"30";"0,246"
"353";"kopat";"30";"0,246"
"354";"zvyšovat";"30";"0,246"
"355";"vzpomínat";"30";"0,246"
"356";"sportovat";"29";"0,238"
"357";"zmiňovat";"29";"0,238"
"358";"plavit";"29";"0,238"
"359";"klidit";"29";"0,238"
"360";"snášet";"29";"0,238"
"361";"krýt";"29";"0,238"
"362";"rozhodovat";"29";"0,238"
"363";"spolupracovat";"29";"0,238"
"364";"ctít";"28";"0,23"
"365";"zálohovat";"28";"0,23"
"366";"analyzovat";"28";"0,23"
"367";"namlouvat";"28";"0,23"
"368";"stresovat";"28";"0,23"
"369";"patřit";"28";"0,23"
"370";"zavěšovat";"28";"0,23"
"371";"poznávat";"28";"0,23"
"372";"zaměňovat";"28";"0,23"
"373";"nabízet";"28";"0,23"
"374";"stahovat";"28";"0,23"
"375";"vynechávat";"28";"0,23"
"376";"šlapat";"27";"0,222"
"377";"hladit";"27";"0,222"
"378";"snít";"27";"0,222"
"379";"kritizovat";"27";"0,222"
"380";"oblékat";"27";"0,222"
"381";"vyslovovat";"27";"0,222"
"382";"kultivovat";"27";"0,222"
"383";"vychutnávat";"26";"0,213"
"384";"povzbuzovat";"26";"0,213"
"385";"vytahovat";"26";"0,213"
"386";"přesazovat";"26";"0,213"
"387";"procházet";"26";"0,213"
"388";"prodávat";"26";"0,213"
"389";"natírat";"26";"0,213"
"390";"preferovat";"26";"0,213"
"391";"třást";"26";"0,213"
"392";"popíjet";"25";"0,205"
"393";"uvádět";"25";"0,205"
"394";"strkat";"25";"0,205"
"395";"žrát";"25";"0,205"
"396";"schovávat";"25";"0,205"
"397";"navyšovat";"25";"0,205"
"398";"zapékat";"25";"0,205"
"399";"žvanit";"24";"0,197"
"400";"vysévat";"24";"0,197"
"401";"hodnotit";"24";"0,197"
"402";"sypat";"24";"0,197"
"403";"varovat";"24";"0,197"
"404";"provokovat";"24";"0,197"
"405";"válet";"24";"0,197"
"406";"přihnojovat";"24";"0,197"
"407";"slavit";"24";"0,197"
"408";"štvát";"24";"0,197"
"409";"doplňovat";"24";"0,197"
"410";"prohlížet";"23";"0,189"
"411";"tasit";"23";"0,189"
"412";"půjčovat";"23";"0,189"
"413";"bdít";"23";"0,189"
"414";"pět";"23";"0,189"
"415";"protahovat";"23";"0,189"
"416";"natáčet";"23";"0,189"
"417";"podepisovat";"23";"0,189"
"418";"obávat";"23";"0,189"
"419";"přijímat";"23";"0,189"
"420";"srovnávat";"23";"0,189"
"421";"strašit";"22";"0,181"
"422";"chystat";"22";"0,181"
"423";"bulet";"22";"0,181"
"424";"vyjadřovat";"22";"0,181"
"425";"věšet";"22";"0,181"
"426";"radit";"22";"0,181"
"427";"nadávat";"22";"0,181"
"428";"plout";"22";"0,181"
"429";"obviňovat";"22";"0,181"
"430";"znepokojovat";"22";"0,181"
"431";"posmívat";"22";"0,181"
"432";"potírat";"22";"0,181"
"433";"kojit";"22";"0,181"
"434";"obalovat";"22";"0,181"
"435";"zvažovat";"21";"0,172"
"436";"třít";"21";"0,172"
"437";"směřovat";"21";"0,172"
"438";"podnikat";"21";"0,172"
"439";"přikládat";"21";"0,172"
"440";"oslovovat";"21";"0,172"
"441";"dopřávat";"21";"0,172"
"442";"hněvat";"21";"0,172"
"443";"rozlišovat";"21";"0,172"
"444";"rozvíjet";"21";"0,172"
"445";"svítit";"20";"0,164"
"446";"objednávat";"20";"0,164"
"447";"krotit";"20";"0,164"
"448";"vyhledávat";"20";"0,164"
"449";"rozhlížet";"20";"0,164"
"450";"utahovat";"20";"0,164"
"451";"hnojit";"20";"0,164"
"452";"utrácet";"20";"0,164"
"453";"střežit";"19";"0,156"
"454";"rozmazlovat";"19";"0,156"
"455";"šeptat";"19";"0,156"
"456";"zvonit";"19";"0,156"
"457";"bájit";"19";"0,156"
"458";"vyrábět";"19";"0,156"
"459";"zírat";"19";"0,156"
"460";"sloužit";"19";"0,156"
"461";"odjíždět";"19";"0,156"
"462";"zvát";"19";"0,156"
"463";"dávkovat";"19";"0,156"
"464";"slibovat";"19";"0,156"
"465";"žvýkat";"18";"0,148"
"466";"slepovat";"18";"0,148"
"467";"vymlouvat";"18";"0,148"
"468";"trhat";"18";"0,148"
"469";"tužit";"18";"0,148"
"470";"objímat";"18";"0,148"
"471";"překračovat";"18";"0,148"
"472";"spinkat";"18";"0,148"
"473";"tykat";"18";"0,148"
"474";"plácat";"18";"0,148"
"475";"orodovat";"18";"0,148"
"476";"snižovat";"18";"0,148"
"477";"kráčet";"18";"0,148"
"478";"mást";"18";"0,148"
"479";"odsuzovat";"18";"0,148"
"480";"vyvádět";"18";"0,148"
"481";"jásat";"17";"0,14"
"482";"přisypávat";"17";"0,14"
"483";"překládat";"17";"0,14"
"484";"spojovat";"17";"0,14"
"485";"hovořit";"17";"0,14"
"486";"vstupovat";"17";"0,14"
"487";"vnucovat";"17";"0,14"
"488";"recyklovat";"17";"0,14"
"489";"oslavovat";"17";"0,14"
"490";"mučit";"17";"0,14"
"491";"trpět";"17";"0,14"
"492";"odmítat";"17";"0,14"
"493";"hořet";"17";"0,14"
"494";"ostýchat";"17";"0,14"
"495";"mailovat";"17";"0,14"
"496";"zachovávat";"17";"0,14"
"497";"veselit";"17";"0,14"
"498";"marinovat";"17";"0,14"
"499";"máčet";"17";"0,14"
"500";"podlévat";"17";"0,14"
"501";"meditovat";"17";"0,14"
"502";"roztírat";"17";"0,14"
"503";"vrstvit";"17";"0,14"
"504";"přicházet";"17";"0,14"
"505";"ženit";"16";"0,131"
"506";"nasedat";"16";"0,131"
"507";"solit";"16";"0,131"
"508";"přejíždět";"16";"0,131"
"509";"dout";"16";"0,131"
"510";"bydlet";"16";"0,131"
"511";"předvádět";"16";"0,131"
"512";"rozdávat";"16";"0,131"
"513";"nalhávat";"16";"0,131"
"514";"mýlit";"16";"0,131"
"515";"mlsat";"16";"0,131"
"516";"napínat";"16";"0,131"
"517";"provázet";"16";"0,131"
"518";"zařazovat";"16";"0,131"
"519";"testovat";"16";"0,131"
"520";"vyžadovat";"16";"0,131"
"521";"vlastnit";"15";"0,123"
"522";"vrtět";"15";"0,123"
"523";"vydávat";"15";"0,123"
"524";"dopékat";"15";"0,123"
"525";"útočit";"15";"0,123"
"526";"zdobit";"15";"0,123"
"527";"kázat";"15";"0,123"
"528";"mrkat";"15";"0,123"
"529";"vydechovat";"15";"0,123"
"530";"zdrhat";"15";"0,123"
"531";"zatěžovat";"15";"0,123"
"532";"vzdalovat";"15";"0,123"
"533";"poučovat";"15";"0,123"
"534";"zatahovat";"15";"0,123"
"535";"pražit";"15";"0,123"
"536";"ponižovat";"15";"0,123"
"537";"shánět";"15";"0,123"
"538";"vylévat";"15";"0,123"
"539";"opírat";"15";"0,123"
"540";"přimlouvat";"15";"0,123"
"541";"dolévat";"15";"0,123"
"542";"opravovat";"15";"0,123"
"543";"minimalizovat";"15";"0,123"
"544";"upalovat";"15";"0,123"
"545";"snídat";"14";"0,115"
"546";"klepat";"14";"0,115"
"547";"přeceňovat";"14";"0,115"
"548";"uvědomovat";"14";"0,115"
"549";"hasit";"14";"0,115"
"550";"odvažovat";"14";"0,115"
"551";"komplikovat";"14";"0,115"
"552";"honit";"14";"0,115"
"553";"kát";"14";"0,115"
"554";"kochat";"14";"0,115"
"555";"otírat";"14";"0,115"
"556";"polykat";"14";"0,115"
"557";"zahrávat";"14";"0,115"
"558";"rouhat";"14";"0,115"
"559";"lízat";"14";"0,115"
"560";"zkracovat";"14";"0,115"
"561";"mulčovat";"14";"0,115"
"562";"mlátit";"14";"0,115"
"563";"projevovat";"14";"0,115"
"564";"zaznamenávat";"14";"0,115"
"565";"zakrývat";"14";"0,115"
"566";"přecházet";"14";"0,115"
"567";"sít";"14";"0,115"
"568";"zasahovat";"14";"0,115"
"569";"spět";"14";"0,115"
"570";"ochutnávat";"14";"0,115"
"571";"sprchovat";"13";"0,107"
"572";"mírnit";"13";"0,107"
"573";"napodobovat";"13";"0,107"
"574";"prohýbat";"13";"0,107"
"575";"vytáčet";"13";"0,107"
"576";"zbavovat";"13";"0,107"
"577";"fasit";"13";"0,107"
"578";"zapínat";"13";"0,107"
"579";"klesat";"13";"0,107"
"580";"kousat";"13";"0,107"
"581";"pakovat";"13";"0,107"
"582";"ustupovat";"13";"0,107"
"583";"zanedbávat";"13";"0,107"
"584";"čerpat";"13";"0,107"
"585";"lát";"13";"0,107"
"586";"překážet";"13";"0,107"
"587";"nakládat";"13";"0,107"
"588";"prožívat";"13";"0,107"
"589";"obdivovat";"13";"0,107"
"590";"potřebovat";"13";"0,107"
"591";"mačkat";"13";"0,107"
"592";"vyměňovat";"13";"0,107"
"593";"zpracovávat";"13";"0,107"
"594";"vysmívat";"13";"0,107"
"595";"sekat";"13";"0,107"
"596";"vézt";"13";"0,107"
"597";"porovnávat";"13";"0,107"
"598";"kušovat";"13";"0,107"
"599";"sedávat";"13";"0,107"
"600";"zakládat";"13";"0,107"
"601";"křižovat";"13";"0,107"
"602";"vychovávat";"13";"0,107"
"603";"přelévat";"13";"0,107"
"604";"hníst";"13";"0,107"
"605";"předcházet";"13";"0,107"
"606";"ošetřovat";"13";"0,107"
"607";"esemeskovat";"13";"0,107"
"608";"sundávat";"13";"0,107"
"609";"označovat";"13";"0,107"
"610";"vyrážet";"12";"0,099"
"611";"odpouštět";"12";"0,099"
"612";"přidržovat";"12";"0,099"
"613";"vyplňovat";"12";"0,099"
"614";"prodlužovat";"12";"0,099"
"615";"strachovat";"12";"0,099"
"616";"stříkat";"12";"0,099"
"617";"přepínat";"12";"0,099"
"618";"prudit";"12";"0,099"
"619";"upravovat";"12";"0,099"
"620";"odvracet";"12";"0,099"
"621";"zjišťovat";"12";"0,099"
"622";"scházet";"12";"0,099"
"623";"čít";"12";"0,099"
"624";"lakovat";"12";"0,099"
"625";"závidět";"12";"0,099"
"626";"česat";"12";"0,099"
"627";"hubnout";"12";"0,099"
"628";"přenášet";"12";"0,099"
"629";"vystrkovat";"12";"0,099"
"630";"vtírat";"12";"0,099"
"631";"žertovat";"12";"0,099"
"632";"uhýbat";"11";"0,09"
"633";"kamenovat";"11";"0,09"
"634";"oddělovat";"11";"0,09"
"635";"stoupat";"11";"0,09"
"636";"navštěvovat";"11";"0,09"
"637";"hřešit";"11";"0,09"
"638";"vrhat";"11";"0,09"
"639";"dráždit";"11";"0,09"
"640";"cpát";"11";"0,09"
"641";"přitahovat";"11";"0,09"
"642";"utěšovat";"11";"0,09"
"643";"klikat";"11";"0,09"
"644";"vodit";"11";"0,09"
"645";"foukat";"11";"0,09"
"646";"vozit";"11";"0,09"
"647";"svádět";"11";"0,09"
"648";"chybovat";"11";"0,09"
"649";"odporovat";"11";"0,09"
"650";"nastavovat";"11";"0,09"
"651";"vzývat";"11";"0,09"
"652";"šikanovat";"11";"0,09"
"653";"nabírat";"11";"0,09"
"654";"zaměřovat";"11";"0,09"
"655";"sdělovat";"11";"0,09"
"656";"ohřívat";"11";"0,09"
"657";"posuzovat";"11";"0,09"
"658";"tlouci";"11";"0,09"
"659";"vtipkovat";"10";"0,082"
"660";"šířit";"10";"0,082"
"661";"dodávat";"10";"0,082"
"662";"vystupovat";"10";"0,082"
"663";"natahovat";"10";"0,082"
"664";"usínat";"10";"0,082"
"665";"směrovat";"10";"0,082"
"666";"uzavírat";"10";"0,082"
"667";"zavařovat";"10";"0,082"
"668";"holit";"10";"0,082"
"669";"vztekat";"10";"0,082"
"670";"vládnout";"10";"0,082"
"671";"zouvat";"10";"0,082"
"672";"svěřovat";"10";"0,082"
"673";"prokládat";"10";"0,082"
"674";"krást";"10";"0,082"
"675";"chlastat";"10";"0,082"
"676";"umývat";"10";"0,082"
"677";"truchlit";"10";"0,082"
"678";"dopomáhat";"10";"0,082"
"679";"popisovat";"10";"0,082"
"680";"rozlučovat";"10";"0,082"
"681";"koupat";"10";"0,082"
"682";"pohrdat";"10";"0,082"
"683";"nadechovat";"10";"0,082"
"684";"vzdělávat";"10";"0,082"
"685";"šmelit";"10";"0,082"
"686";"budit";"10";"0,082"
"687";"získávat";"10";"0,082"
"688";"odměňovat";"10";"0,082"
"689";"poskytovat";"10";"0,082"
"690";"zašlehávat";"10";"0,082"
"691";"posunovat";"10";"0,082"
"692";"připevňovat";"10";"0,082"
"693";"kout";"9";"0,074"
"694";"zpochybňovat";"9";"0,074"
"695";"hlásat";"9";"0,074"
"696";"rýt";"9";"0,074"
"697";"zahazovat";"9";"0,074"
"698";"loupat";"9";"0,074"
"699";"zapojovat";"9";"0,074"
"700";"kroutit";"9";"0,074"
"701";"ohýbat";"9";"0,074"
"702";"odnášet";"9";"0,074"
"703";"zavrhovat";"9";"0,074"
"704";"vsázet";"9";"0,074"
"705";"růst";"9";"0,074"
"706";"chybět";"9";"0,074"
"707";"chlubit";"9";"0,074"
"708";"oceňovat";"9";"0,074"
"709";"nahrávat";"9";"0,074"
"710";"prozrazovat";"9";"0,074"
"711";"spekulovat";"9";"0,074"
"712";"přehlížet";"9";"0,074"
"713";"hrbit";"9";"0,074"
"714";"klusat";"9";"0,074"
"715";"mávat";"9";"0,074"
"716";"tížit";"9";"0,074"
"717";"vyhrožovat";"9";"0,074"
"718";"zadávat";"9";"0,074"
"719";"uctívat";"9";"0,074"
"720";"hrabat";"9";"0,074"
"721";"chvátat";"9";"0,074"
"722";"uvolňovat";"9";"0,074"
"723";"hajat";"9";"0,074"
"724";"vrtat";"9";"0,074"
"725";"olizovat";"9";"0,074"
"726";"dohadovat";"9";"0,074"
"727";"upřednostňovat";"9";"0,074"
"728";"vyhlížet";"9";"0,074"
"729";"balit";"9";"0,074"
"730";"utírat";"9";"0,074"
"731";"třpytit";"9";"0,074"
"732";"vykonávat";"9";"0,074"
"733";"dštít";"9";"0,074"
"734";"odebírat";"9";"0,074"
"735";"třídit";"9";"0,074"
"736";"stlačovat";"9";"0,074"
"737";"crčet";"9";"0,074"
"738";"mračit";"9";"0,074"
"739";"vyptávat";"9";"0,074"
"740";"otužovat";"9";"0,074"
"741";"chladit";"9";"0,074"
"742";"putovat";"9";"0,074"
"743";"zavádět";"9";"0,074"
"744";"motat";"9";"0,074"
"745";"ladit";"9";"0,074"
"746";"žehlit";"9";"0,074"
"747";"přeskakovat";"9";"0,074"
"748";"couvat";"8";"0,066"
"749";"zadržovat";"8";"0,066"
"750";"rozšiřovat";"8";"0,066"
"751";"přizpůsobovat";"8";"0,066"
"752";"mudrovat";"8";"0,066"
"753";"zlehčovat";"8";"0,066"
"754";"rozmýšlet";"8";"0,066"
"755";"unavovat";"8";"0,066"
"756";"hloupnout";"8";"0,066"
"757";"odmlouvat";"8";"0,066"
"758";"papat";"8";"0,066"
"759";"píchat";"8";"0,066"
"760";"rozdělovat";"8";"0,066"
"761";"polevovat";"8";"0,066"
"762";"krčit";"8";"0,066"
"763";"vdát";"8";"0,066"
"764";"nasazovat";"8";"0,066"
"765";"porušovat";"8";"0,066"
"766";"googlovat";"8";"0,066"
"767";"pojit";"8";"0,066"
"768";"počínat";"8";"0,066"
"769";"smutnit";"8";"0,066"
"770";"většit";"8";"0,066"
"771";"týrat";"8";"0,066"
"772";"kárat";"8";"0,066"
"773";"kloktat";"8";"0,066"
"774";"shazovat";"8";"0,066"
"775";"upozorňovat";"8";"0,066"
"776";"přimíchávat";"8";"0,066"
"777";"probírat";"8";"0,066"
"778";"marnit";"8";"0,066"
"779";"zapírat";"8";"0,066"
"780";"přetěžovat";"8";"0,066"
"781";"nalévat";"8";"0,066"
"782";"připojovat";"8";"0,066"
"783";"mazlit";"8";"0,066"
"784";"odevzdávat";"8";"0,066"
"785";"naříkat";"8";"0,066"
"786";"manipulovat";"8";"0,066"
"787";"civět";"8";"0,066"
"788";"vyndávat";"8";"0,066"
"789";"povolovat";"8";"0,066"
"790";"protřepávat";"8";"0,066"
"791";"přejídat";"8";"0,066"
"792";"prchat";"8";"0,066"
"793";"omývat";"8";"0,066"
"794";"nastupovat";"8";"0,066"
"795";"procvičovat";"8";"0,066"
"796";"uklidňovat";"8";"0,066"
"797";"přivádět";"8";"0,066"
"798";"blufovat";"8";"0,066"
"799";"napichovat";"8";"0,066"
"800";"překonávat";"8";"0,066"
"801";"lyžovat";"8";"0,066"
"802";"spalovat";"8";"0,066"
"803";"umisťovat";"8";"0,066"
"804";"zavlažovat";"8";"0,066"
"805";"kopírovat";"8";"0,066"
"806";"vdechovat";"8";"0,066"
"807";"mrazit";"7";"0,057"
"808";"zapichovat";"7";"0,057"
"809";"dřít";"7";"0,057"
"810";"stáčet";"7";"0,057"
"811";"zdokumentovat";"7";"0,057"
"812";"posouvat";"7";"0,057"
"813";"vymývat";"7";"0,057"
"814";"velet";"7";"0,057"
"815";"odhazovat";"7";"0,057"
"816";"zaklánět";"7";"0,057"
"817";"kulit";"7";"0,057"
"818";"bourat";"7";"0,057"
"819";"plodit";"7";"0,057"
"820";"večeřet";"7";"0,057"
"821";"pomlouvat";"7";"0,057"
"822";"srkat";"7";"0,057"
"823";"vonět";"7";"0,057"
"824";"přikrývat";"7";"0,057"
"825";"splachovat";"7";"0,057"
"826";"dvojit";"7";"0,057"
"827";"sklánět";"7";"0,057"
"828";"přemlouvat";"7";"0,057"
"829";"přesvědčovat";"7";"0,057"
"830";"startovat";"7";"0,057"
"831";"obléhat";"7";"0,057"
"832";"svírat";"7";"0,057"
"833";"proplachovat";"7";"0,057"
"834";"sát";"7";"0,057"
"835";"osazovat";"7";"0,057"
"836";"fotografovat";"7";"0,057"
"837";"nahrazovat";"7";"0,057"
"838";"zdůrazňovat";"7";"0,057"
"839";"vysílat";"7";"0,057"
"840";"vyvozovat";"7";"0,057"
"841";"zamykat";"7";"0,057"
"842";"velebit";"7";"0,057"
"843";"ukvapovat";"7";"0,057"
"844";"vít";"7";"0,057"
"845";"ztrapňovat";"7";"0,057"
"846";"posečkat";"7";"0,057"
"847";"plivat";"7";"0,057"
"848";"narušovat";"7";"0,057"
"849";"zpomalovat";"7";"0,057"
"850";"žinýrovat";"7";"0,057"
"851";"rozptylovat";"7";"0,057"
"852";"odvádět";"7";"0,057"
"853";"houpat";"7";"0,057"
"854";"trucovat";"7";"0,057"
"855";"fňukat";"7";"0,057"
"856";"naparovat";"7";"0,057"
"857";"vydělávat";"7";"0,057"
"858";"zdravit";"7";"0,057"
"859";"podsypávat";"7";"0,057"
"860";"čarovat";"7";"0,057"
"861";"probouzet";"7";"0,057"
"862";"navrhovat";"7";"0,057"
"863";"znít";"7";"0,057"
"864";"telefonovat";"7";"0,057"
"865";"rolovat";"7";"0,057"
"866";"opomíjet";"7";"0,057"
"867";"pochodovat";"7";"0,057"
"868";"pořádat";"7";"0,057"
"869";"topit";"7";"0,057"
"870";"rvát";"7";"0,057"
"871";"drsnět";"7";"0,057"
"872";"nalepovat";"7";"0,057"
"873";"drhnout";"7";"0,057"
"874";"šplhat";"7";"0,057"
"875";"tleskat";"7";"0,057"
"876";"pískat";"7";"0,057"
"877";"fixovat";"7";"0,057"
"878";"oplachovat";"7";"0,057"
"879";"vytírat";"7";"0,057"
"880";"poklepávat";"7";"0,057"
"881";"vytrhávat";"7";"0,057"
"882";"sesbírat";"7";"0,057"
"883";"předvídat";"7";"0,057"
"884";"zívat";"7";"0,057"
"885";"obnovovat";"7";"0,057"
"886";"titrovat";"7";"0,057"
"887";"pohlížet";"7";"0,057"
"888";"zatracovat";"7";"0,057"
"889";"přetápět";"7";"0,057"
"890";"mnout";"7";"0,057"
"891";"naklánět";"7";"0,057"
"892";"mrvit";"7";"0,057"
"893";"odstřihovat";"7";"0,057"
"894";"plít";"7";"0,057"
"895";"karamelizovat";"6";"0,049"
"896";"našlapovat";"6";"0,049"
"897";"zrazovat";"6";"0,049"
"898";"vhazovat";"6";"0,049"
"899";"navazovat";"6";"0,049"
"900";"drbat";"6";"0,049"
"901";"vzdychat";"6";"0,049"
"902";"plašit";"6";"0,049"
"903";"odepisovat";"6";"0,049"
"904";"švihat";"6";"0,049"
"905";"prokazovat";"6";"0,049"
"906";"dotazovat";"6";"0,049"
"907";"šukat";"6";"0,049"
"908";"končit";"6";"0,049"
"909";"kácet";"6";"0,049"
"910";"přemáhat";"6";"0,049"
"911";"zdráhat";"6";"0,049"
"912";"šklebit";"6";"0,049"
"913";"proklínat";"6";"0,049"
"914";"přinášet";"6";"0,049"
"915";"hltat";"6";"0,049"
"916";"šít";"6";"0,049"
"917";"vypouštět";"6";"0,049"
"918";"ponechávat";"6";"0,049"
"919";"vznášet";"6";"0,049"
"920";"zlepšovat";"6";"0,049"
"921";"bolet";"6";"0,049"
"922";"segmentovat";"6";"0,049"
"923";"uhánět";"6";"0,049"
"924";"ověřovat";"6";"0,049"
"925";"regulovat";"6";"0,049"
"926";"upevňovat";"6";"0,049"
"927";"skrývat";"6";"0,049"
"928";"cucat";"6";"0,049"
"929";"toulat";"6";"0,049"
"930";"popírat";"6";"0,049"
"931";"rozsvěcet";"6";"0,049"
"932";"zhasínat";"6";"0,049"
"933";"hřát";"6";"0,049"
"934";"dobrořečit";"6";"0,049"
"935";"čertit";"6";"0,049"
"936";"plavat";"6";"0,049"
"937";"brblat";"6";"0,049"
"938";"rozbíjet";"6";"0,049"
"939";"odkrajovat";"6";"0,049"
"940";"lišit";"6";"0,049"
"941";"nabíjet";"6";"0,049"
"942";"nenávidět";"6";"0,049"
"943";"vyřezávat";"6";"0,049"
"944";"dělit";"6";"0,049"
"945";"rozmnožovat";"6";"0,049"
"946";"trefit";"6";"0,049"
"947";"vykat";"6";"0,049"
"948";"domnívat";"6";"0,049"
"949";"promýšlet";"6";"0,049"
"950";"dorovnávat";"6";"0,049"
"951";"oživovat";"6";"0,049"
"952";"dojit";"6";"0,049"
"953";"obklopovat";"6";"0,049"
"954";"uchylovat";"6";"0,049"
"955";"odbíhat";"6";"0,049"
"956";"vylepšovat";"6";"0,049"
"957";"předávat";"6";"0,049"
"958";"odbývat";"6";"0,049"
"959";"kypřit";"6";"0,049"
"960";"mrzet";"6";"0,049"
"961";"lpět";"6";"0,049"
"962";"luštit";"6";"0,049"
"963";"louhovat";"6";"0,049"
"964";"zvlhčovat";"6";"0,049"
"965";"recitovat";"6";"0,049"
"966";"zastřihovat";"6";"0,049"
"967";"stiskat";"6";"0,049"
"968";"nasávat";"6";"0,049"
"969";"čůrat";"6";"0,049"
"970";"připouštět";"6";"0,049"
"971";"zakazovat";"6";"0,049"
"972";"maskovat";"6";"0,049"
"973";"tagovat";"6";"0,049"
"974";"stírat";"6";"0,049"
"975";"zastávat";"5";"0,041"
"976";"míjet";"5";"0,041"
"977";"třepit";"5";"0,041"
"978";"vyrušovat";"5";"0,041"
"979";"dosévat";"5";"0,041"
"980";"podílet";"5";"0,041"
"981";"rozpakovat";"5";"0,041"
"982";"najímat";"5";"0,041"
"983";"letnit";"5";"0,041"
"984";"tlumočit";"5";"0,041"
"985";"vcházet";"5";"0,041"
"986";"věsit";"5";"0,041"
"987";"inhalovat";"5";"0,041"
"988";"checkovat";"5";"0,041"
"989";"postit";"5";"0,041"
"990";"hloubat";"5";"0,041"
"991";"rozbalovat";"5";"0,041"
"992";"odpírat";"5";"0,041"
"993";"odhánět";"5";"0,041"
"994";"oddalovat";"5";"0,041"
"995";"přihlašovat";"5";"0,041"
"996";"vizualizovat";"5";"0,041"
"997";"hláskovat";"5";"0,041"
"998";"promazávat";"5";"0,041"
"999";"rozjímat";"5";"0,041"
"1000";"prohřívat";"5";"0,041"
"1001";"nacházet";"5";"0,041"
"1002";"lenošit";"5";"0,041"
"1003";"vykrucovat";"5";"0,041"
"1004";"setrvávat";"5";"0,041"
"1005";"mizet";"5";"0,041"
"1006";"loudat";"5";"0,041"
"1007";"chroupat";"5";"0,041"
"1008";"dramatizovat";"5";"0,041"
"1009";"choulit";"5";"0,041"
"1010";"tolerovat";"5";"0,041"
"1011";"nudit";"5";"0,041"
"1012";"násobit";"5";"0,041"
"1013";"vyhánět";"5";"0,041"
"1014";"kouzlit";"5";"0,041"
"1015";"domlouvat";"5";"0,041"
"1016";"ředit";"5";"0,041"
"1017";"unáhlovat";"5";"0,041"
"1018";"vzrušovat";"5";"0,041"
"1019";"kořit";"5";"0,041"
"1020";"sýčkovat";"5";"0,041"
"1021";"šoustat";"5";"0,041"
"1022";"fritovat";"5";"0,041"
"1023";"šťourat";"5";"0,041"
"1024";"rozmrazovat";"5";"0,041"
"1025";"pokořovat";"5";"0,041"
"1026";"veslovat";"5";"0,041"
"1027";"dumat";"5";"0,041"
"1028";"stačit";"5";"0,041"
"1029";"opisovat";"5";"0,041"
"1030";"zařizovat";"5";"0,041"
"1031";"montovat";"5";"0,041"
"1032";"nacvičovat";"5";"0,041"
"1033";"bořit";"5";"0,041"
"1034";"ovlivňovat";"5";"0,041"
"1035";"tišit";"5";"0,041"
"1036";"přehazovat";"5";"0,041"
"1037";"obhajovat";"5";"0,041"
"1038";"žalovat";"5";"0,041"
"1039";"ubírat";"5";"0,041"
"1040";"zastrašovat";"5";"0,041"
"1041";"stěhovat";"5";"0,041"
"1042";"podřizovat";"5";"0,041"
"1043";"vzdorovat";"5";"0,041"
"1044";"podvádět";"5";"0,041"
"1045";"dovolovat";"5";"0,041"
"1046";"vyvracet";"5";"0,041"
"1047";"střihat";"5";"0,041"
"1048";"seznamovat";"5";"0,041"
"1049";"vyskakovat";"5";"0,041"
"1050";"předpovídat";"5";"0,041"
"1051";"podpírat";"5";"0,041"
"1052";"zmatkovat";"5";"0,041"
"1053";"modelovat";"5";"0,041"
"1054";"vybarvovat";"5";"0,041"
"1055";"lícit";"5";"0,041"
"1056";"pumpovat";"5";"0,041"
"1057";"lajkovat";"5";"0,041"
"1058";"přivolávat";"5";"0,041"
"1059";"splétat";"5";"0,041"
"1060";"rmoutit";"5";"0,041"
"1061";"pročítat";"5";"0,041"
"1062";"culit";"5";"0,041"
"1063";"škodit";"5";"0,041"
"1064";"obchodovat";"5";"0,041"
"1065";"menšit";"5";"0,041"
"1066";"prolévat";"5";"0,041"
"1067";"stýkat";"5";"0,041"
"1068";"vystínovat";"5";"0,041"
"1069";"nahlížet";"5";"0,041"
"1070";"šaškovat";"5";"0,041"
"1071";"revidovat";"5";"0,041"
"1072";"působit";"5";"0,041"
"1073";"veličit";"5";"0,041"
"1074";"tlít";"5";"0,041"
"1075";"vdávat";"5";"0,041"
"1076";"zříkat";"5";"0,041"
"1077";"smlouvat";"5";"0,041"
"1078";"polévat";"5";"0,041"
"1079";"uplatňovat";"5";"0,041"
"1080";"souhlasit";"5";"0,041"
"1081";"uhlazovat";"5";"0,041"
"1082";"zdvihat";"4";"0,033"
"1083";"rovnat";"4";"0,033"
"1084";"pást";"4";"0,033"
"1085";"rozčesávat";"4";"0,033"
"1086";"zametat";"4";"0,033"
"1087";"vinit";"4";"0,033"
"1088";"prdět";"4";"0,033"
"1089";"zatínat";"4";"0,033"
"1090";"slušet";"4";"0,033"
"1091";"klamat";"4";"0,033"
"1092";"splácet";"4";"0,033"
"1093";"přesouvat";"4";"0,033"
"1094";"koulet";"4";"0,033"
"1095";"dohlížet";"4";"0,033"
"1096";"bičovat";"4";"0,033"
"1097";"zrychlovat";"4";"0,033"
"1098";"přilepovat";"4";"0,033"
"1099";"pocházet";"4";"0,033"
"1100";"přeplňovat";"4";"0,033"
"1101";"párat";"4";"0,033"
"1102";"kňourat";"4";"0,033"
"1103";"rozmělňovat";"4";"0,033"
"1104";"fandit";"4";"0,033"
"1105";"zapíjet";"4";"0,033"
"1106";"bombardovat";"4";"0,033"
"1107";"okrádat";"4";"0,033"
"1108";"předklánět";"4";"0,033"
"1109";"ztěžovat";"4";"0,033"
"1110";"poddávat";"4";"0,033"
"1111";"existovat";"4";"0,033"
"1112";"napadat";"4";"0,033"
"1113";"vynakládat";"4";"0,033"
"1114";"monitorovat";"4";"0,033"
"1115";"hlučet";"4";"0,033"
"1116";"cukat";"4";"0,033"
"1117";"shromažďovat";"4";"0,033"
"1118";"ochlazovat";"4";"0,033"
"1119";"dlít";"4";"0,033"
"1120";"ponocovat";"4";"0,033"
"1121";"stolit";"4";"0,033"
"1122";"vyšilovat";"4";"0,033"
"1123";"škrtat";"4";"0,033"
"1124";"škrábat";"4";"0,033"
"1125";"vyznávat";"4";"0,033"
"1126";"spořit";"4";"0,033"
"1127";"otloukat";"4";"0,033"
"1128";"poznamenávat";"4";"0,033"
"1129";"bubnovat";"4";"0,033"
"1130";"navigovat";"4";"0,033"
"1131";"kývat";"4";"0,033"
"1132";"přikazovat";"4";"0,033"
"1133";"povyšovat";"4";"0,033"
"1134";"oplácet";"4";"0,033"
"1135";"poskakovat";"4";"0,033"
"1136";"kňučet";"4";"0,033"
"1137";"družit";"4";"0,033"
"1138";"troubit";"4";"0,033"
"1139";"obtáčet";"4";"0,033"
"1140";"tát";"4";"0,033"
"1141";"umožňovat";"4";"0,033"
"1142";"propracovávat";"4";"0,033"
"1143";"klít";"4";"0,033"
"1144";"příst";"4";"0,033"
"1145";"odrážet";"4";"0,033"
"1146";"přidělávat";"4";"0,033"
"1147";"zpytovat";"4";"0,033"
"1148";"těžit";"4";"0,033"
"1149";"mrdat";"4";"0,033"
"1150";"hanět";"4";"0,033"
"1151";"naznačovat";"4";"0,033"
"1152";"lnout";"4";"0,033"
"1153";"sjíždět";"4";"0,033"
"1154";"létat";"4";"0,033"
"1155";"zlořečit";"4";"0,033"
"1156";"překvapovat";"4";"0,033"
"1157";"křtít";"4";"0,033"
"1158";"vydírat";"4";"0,033"
"1159";"resetovat";"4";"0,033"
"1160";"vinout";"4";"0,033"
"1161";"dopouštět";"4";"0,033"
"1162";"štěkat";"4";"0,033"
"1163";"čichat";"4";"0,033"
"1164";"poroučet";"4";"0,033"
"1165";"odškrtávat";"4";"0,033"
"1166";"převážet";"4";"0,033"
"1167";"drásat";"4";"0,033"
"1168";"sestupovat";"4";"0,033"
"1169";"hulit";"4";"0,033"
"1170";"sepisovat";"4";"0,033"
"1171";"bádat";"4";"0,033"
"1172";"překrývat";"4";"0,033"
"1173";"vzhlížet";"4";"0,033"
"1174";"vyvíjet";"4";"0,033"
"1175";"obcovat";"4";"0,033"
"1176";"pilovat";"4";"0,033"
"1177";"zahánět";"4";"0,033"
"1178";"značit";"4";"0,033"
"1179";"lenit";"4";"0,033"
"1180";"spravovat";"4";"0,033"
"1181";"rozhazovat";"4";"0,033"
"1182";"přít";"4";"0,033"
"1183";"podobat";"4";"0,033"
"1184";"zrát";"4";"0,033"
"1185";"zobat";"4";"0,033"
"1186";"oddávat";"4";"0,033"
"1187";"dokončovat";"4";"0,033"
"1188";"uléhat";"4";"0,033"
"1189";"smrkat";"4";"0,033"
"1190";"baštit";"4";"0,033"
"1191";"strhávat";"4";"0,033"
"1192";"ostřit";"4";"0,033"
"1193";"konverzovat";"4";"0,033"
"1194";"vršit";"4";"0,033"
"1195";"zvracet";"4";"0,033"
"1196";"smahnout";"4";"0,033"
"1197";"ždímat";"4";"0,033"
"1198";"vylučovat";"4";"0,033"
"1199";"skenovat";"4";"0,033"
"1200";"páchat";"4";"0,033"
"1201";"kroužit";"4";"0,033"
"1202";"zjednodušovat";"4";"0,033"
"1203";"svlékat";"4";"0,033"
"1204";"přivazovat";"4";"0,033"
"1205";"odměřovat";"4";"0,033"
"1206";"betonovat";"4";"0,033"
"1207";"udit";"4";"0,033"
"1208";"proměňovat";"4";"0,033"
"1209";"leštit";"4";"0,033"
"1210";"vmíchávat";"4";"0,033"
"1211";"naohýbat";"4";"0,033"
"1212";"instruovat";"4";"0,033"
"1213";"vyvazovat";"4";"0,033"
"1214";"zdokonalovat";"4";"0,033"
"1215";"remcat";"4";"0,033"
"1216";"barvit";"4";"0,033"
"1217";"pojmenovávat";"4";"0,033"
"1218";"lepšit";"4";"0,033"
"1219";"lehat";"4";"0,033"
"1220";"pojišťovat";"3";"0,025"
"1221";"zanožovat";"3";"0,025"
"1222";"propínat";"3";"0,025"
"1223";"stopovat";"3";"0,025"
"1224";"fénovat";"3";"0,025"
"1225";"obcházet";"3";"0,025"
"1226";"tupírovat";"3";"0,025"
"1227";"přetírat";"3";"0,025"
"1228";"odpařovat";"3";"0,025"
"1229";"mrhat";"3";"0,025"
"1230";"vyjednávat";"3";"0,025"
"1231";"rozlévat";"3";"0,025"
"1232";"tesknit";"3";"0,025"
"1233";"zneužívat";"3";"0,025"
"1234";"válčit";"3";"0,025"
"1235";"červenat";"3";"0,025"
"1236";"zaplétat";"3";"0,025"
"1237";"zpevňovat";"3";"0,025"
"1238";"výt";"3";"0,025"
"1239";"poskvrňovat";"3";"0,025"
"1240";"upínat";"3";"0,025"
"1241";"klíčit";"3";"0,025"
"1242";"poměřovat";"3";"0,025"
"1243";"vyjíždět";"3";"0,025"
"1244";"zabydlovat";"3";"0,025"
"1245";"obědvat";"3";"0,025"
"1246";"máchat";"3";"0,025"
"1247";"capkat";"3";"0,025"
"1248";"mlžit";"3";"0,025"
"1249";"angažovat";"3";"0,025"
"1250";"nastřihat";"3";"0,025"
"1251";"zaměstnávat";"3";"0,025"
"1252";"plesat";"3";"0,025"
"1253";"pomýšlet";"3";"0,025"
"1254";"přežívat";"3";"0,025"
"1255";"vylézat";"3";"0,025"
"1256";"docházet";"3";"0,025"
"1257";"tankovat";"3";"0,025"
"1258";"trávit";"3";"0,025"
"1259";"odvolávat";"3";"0,025"
"1260";"navážet";"3";"0,025"
"1261";"vtahovat";"3";"0,025"
"1262";"narážet";"3";"0,025"
"1263";"protestovat";"3";"0,025"
"1264";"ječet";"3";"0,025"
"1265";"vrčet";"3";"0,025"
"1266";"vyčkávat";"3";"0,025"
"1267";"došlapovat";"3";"0,025"
"1268";"projednávat";"3";"0,025"
"1269";"zajíždět";"3";"0,025"
"1270";"znát";"3";"0,025"
"1271";"okounět";"3";"0,025"
"1272";"napovídat";"3";"0,025"
"1273";"aranžovat";"3";"0,025"
"1274";"čmárat";"3";"0,025"
"1275";"viset";"3";"0,025"
"1276";"vlhčit";"3";"0,025"
"1277";"bouchat";"3";"0,025"
"1278";"odkazovat";"3";"0,025"
"1279";"básnit";"3";"0,025"
"1280";"čílit";"3";"0,025"
"1281";"oponovat";"3";"0,025"
"1282";"okoušet";"3";"0,025"
"1283";"slevovat";"3";"0,025"
"1284";"kartáčovat";"3";"0,025"
"1285";"formovat";"3";"0,025"
"1286";"migrovat";"3";"0,025"
"1287";"rozsévat";"3";"0,025"
"1288";"světit";"3";"0,025"
"1289";"těkat";"3";"0,025"
"1290";"přemítat";"3";"0,025"
"1291";"pronášet";"3";"0,025"
"1292";"zapalovat";"3";"0,025"
"1293";"ohánět";"3";"0,025"
"1294";"teleportovat";"3";"0,025"
"1295";"naléhat";"3";"0,025"
"1296";"třepat";"3";"0,025"
"1297";"peskovat";"3";"0,025"
"1298";"upírat";"3";"0,025"
"1299";"vyřazovat";"3";"0,025"
"1300";"dmout";"3";"0,025"
"1301";"nervovat";"3";"0,025"
"1302";"vyprošovat";"3";"0,025"
"1303";"hysterčit";"3";"0,025"
"1304";"růžovět";"3";"0,025"
"1305";"strojit";"3";"0,025"
"1306";"vybíjet";"3";"0,025"
"1307";"odhadovat";"3";"0,025"
"1308";"povznášet";"3";"0,025"
"1309";"zajímávat";"3";"0,025"
"1310";"opěvovat";"3";"0,025"
"1311";"vyšívat";"3";"0,025"
"1312";"rodit";"3";"0,025"
"1313";"kamenět";"3";"0,025"
"1314";"blokovat";"3";"0,025"
"1315";"křivdit";"3";"0,025"
"1316";"kosit";"3";"0,025"
"1317";"vyrovnávat";"3";"0,025"
"1318";"dadat";"3";"0,025"
"1319";"zastírat";"3";"0,025"
"1320";"přitakávat";"3";"0,025"
"1321";"trýznit";"3";"0,025"
"1322";"skuhrat";"3";"0,025"
"1323";"posvěcovat";"3";"0,025"
"1324";"projektovat";"3";"0,025"
"1325";"zabíhat";"3";"0,025"
"1326";"vábit";"3";"0,025"
"1327";"parkovat";"3";"0,025"
"1328";"odvíjet";"3";"0,025"
"1329";"vyvážet";"3";"0,025"
"1330";"souložit";"3";"0,025"
"1331";"vzpírat";"3";"0,025"
"1332";"vysávat";"3";"0,025"
"1333";"přitlačovat";"3";"0,025"
"1334";"zazlívat";"3";"0,025"
"1335";"pociťovat";"3";"0,025"
"1336";"hospodařit";"3";"0,025"
"1337";"skloňovat";"3";"0,025"
"1338";"hrotit";"3";"0,025"
"1339";"práskat";"3";"0,025"
"1340";"pěchovat";"3";"0,025"
"1341";"slézat";"3";"0,025"
"1342";"smýšlet";"3";"0,025"
"1343";"škudlit";"3";"0,025"
"1344";"legitimovat";"3";"0,025"
"1345";"zuřit";"3";"0,025"
"1346";"doporučovat";"3";"0,025"
"1347";"študovat";"3";"0,025"
"1348";"šoupat";"3";"0,025"
"1349";"ořezávat";"3";"0,025"
"1350";"filozofovat";"3";"0,025"
"1351";"šlajfovat";"3";"0,025"
"1352";"připlácet";"3";"0,025"
"1353";"háčkovat";"3";"0,025"
"1354";"poutat";"3";"0,025"
"1355";"faulovat";"3";"0,025"
"1356";"kolébat";"3";"0,025"
"1357";"ucházet";"3";"0,025"
"1358";"pramenit";"3";"0,025"
"1359";"rozsvěcovat";"3";"0,025"
"1360";"paušalizovat";"3";"0,025"
"1361";"udávat";"3";"0,025"
"1362";"spílat";"3";"0,025"
"1363";"planout";"3";"0,025"
"1364";"laskat";"3";"0,025"
"1365";"sekýrovat";"3";"0,025"
"1366";"klekat";"3";"0,025"
"1367";"zřít";"3";"0,025"
"1368";"protáčet";"3";"0,025"
"1369";"bouřit";"3";"0,025"
"1370";"přikyvovat";"3";"0,025"
"1371";"dopovat";"3";"0,025"
"1372";"koučovat";"3";"0,025"
"1373";"zveřejňovat";"3";"0,025"
"1374";"kanit";"3";"0,025"
"1375";"mřít";"3";"0,025"
"1376";"sesouvat";"3";"0,025"
"1377";"zamrazovat";"3";"0,025"
"1378";"syčet";"3";"0,025"
"1379";"uplácet";"3";"0,025"
"1380";"bagatelizovat";"3";"0,025"
"1381";"klouzat";"3";"0,025"
"1382";"rozdělávat";"3";"0,025"
"1383";"nořit";"3";"0,025"
"1384";"blafovat";"3";"0,025"
"1385";"zamotávat";"3";"0,025"
"1386";"surfovat";"3";"0,025"
"1387";"zneklidňovat";"3";"0,025"
"1388";"mínit";"3";"0,025"
"1389";"zahajovat";"3";"0,025"
"1390";"prosazovat";"3";"0,025"
"1391";"promítat";"3";"0,025"
"1392";"mrskat";"3";"0,025"
"1393";"stárnout";"3";"0,025"
"1394";"zvýrazňovat";"3";"0,025"
"1395";"obměňovat";"3";"0,025"
"1396";"naplňovat";"3";"0,025"
"1397";"rozpouštět";"3";"0,025"
"1398";"poukazovat";"3";"0,025"
"1399";"krémovat";"3";"0,025"
"1400";"ujišťovat";"3";"0,025"
"1401";"omotávat";"3";"0,025"
"1402";"navíjet";"3";"0,025"
"1403";"prášit";"3";"0,025"
"1404";"vygenerovat";"3";"0,025"
"1405";"flirtovat";"3";"0,025"
"1406";"obtahovat";"3";"0,025"
"1407";"dochucovat";"3";"0,025"
"1408";"vpouštět";"3";"0,025"
"1409";"češtit";"3";"0,025"
"1410";"pipetovat";"3";"0,025"
"1411";"luxovat";"3";"0,025"
"1412";"obsahovat";"3";"0,025"
"1413";"křížit";"3";"0,025"
"1414";"zavazovat";"3";"0,025"
"1415";"cílit";"3";"0,025"
"1416";"dotahovat";"3";"0,025"
"1417";"podkládat";"3";"0,025"
"1418";"situovat";"3";"0,025"
"1419";"automatizovat";"3";"0,025"
"1420";"šifrovat";"3";"0,025"
"1421";"vyživovat";"3";"0,025"
"1422";"pošťuchovat";"3";"0,025"
"1423";"prohlubovat";"3";"0,025"
"1424";"rozcházet";"3";"0,025"
"1425";"provozovat";"3";"0,025"
"1426";"pohoršovat";"3";"0,025"
"1427";"kořenit";"3";"0,025"
"1428";"usnadňovat";"3";"0,025"
"1429";"zahušťovat";"3";"0,025"
"1430";"kompostovat";"3";"0,025"
"1431";"vykopávat";"3";"0,025"
"1432";"ujíždět";"3";"0,025"
"1433";"vylamovat";"3";"0,025"
"1434";"ložit";"3";"0,025"
"1435";"vlévat";"3";"0,025"
"1436";"zaštipovat";"3";"0,025"
"1437";"hubit";"2";"0,016"
"1438";"pádlovat";"2";"0,016"
"1439";"podlepovat";"2";"0,016"
"1440";"vystřihovat";"2";"0,016"
"1441";"pídit";"2";"0,016"
"1442";"odličovat";"2";"0,016"
"1443";"přetáčet";"2";"0,016"
"1444";"stranit";"2";"0,016"
"1445";"ordinovat";"2";"0,016"
"1446";"vysoušet";"2";"0,016"
"1447";"zdolávat";"2";"0,016"
"1448";"roztahovat";"2";"0,016"
"1449";"pobrukovat";"2";"0,016"
"1450";"konturovat";"2";"0,016"
"1451";"motorizovat";"2";"0,016"
"1452";"dostávat";"2";"0,016"
"1453";"předpékat";"2";"0,016"
"1454";"hodovat";"2";"0,016"
"1455";"zmrazovat";"2";"0,016"
"1456";"odřezávat";"2";"0,016"
"1457";"uskladňovat";"2";"0,016"
"1458";"zachytávat";"2";"0,016"
"1459";"prosypávat";"2";"0,016"
"1460";"přelepovat";"2";"0,016"
"1461";"očkovat";"2";"0,016"
"1462";"shrabovat";"2";"0,016"
"1463";"třískat";"2";"0,016"
"1464";"bumbat";"2";"0,016"
"1465";"dolézat";"2";"0,016"
"1466";"chlemtat";"2";"0,016"
"1467";"zapouštět";"2";"0,016"
"1468";"přijíždět";"2";"0,016"
"1469";"zapracovávat";"2";"0,016"
"1470";"oznamovat";"2";"0,016"
"1471";"utlačovat";"2";"0,016"
"1472";"opomínat";"2";"0,016"
"1473";"přiznávat";"2";"0,016"
"1474";"ohrnovat";"2";"0,016"
"1475";"utápět";"2";"0,016"
"1476";"dupat";"2";"0,016"
"1477";"vděčit";"2";"0,016"
"1478";"kmitat";"2";"0,016"
"1479";"plísnit";"2";"0,016"
"1480";"svačit";"2";"0,016"
"1481";"brouzdat";"2";"0,016"
"1482";"odolávat";"2";"0,016"
"1483";"kandidovat";"2";"0,016"
"1484";"fungovat";"2";"0,016"
"1485";"upouštět";"2";"0,016"
"1486";"vymazávat";"2";"0,016"
"1487";"sužovat";"2";"0,016"
"1488";"žasnout";"2";"0,016"
"1489";"pošilhávat";"2";"0,016"
"1490";"vzlínat";"2";"0,016"
"1491";"pošklebovat";"2";"0,016"
"1492";"tmít";"2";"0,016"
"1493";"vypovídat";"2";"0,016"
"1494";"kapat";"2";"0,016"
"1495";"odlišovat";"2";"0,016"
"1496";"užírat";"2";"0,016"
"1497";"pérovat";"2";"0,016"
"1498";"vláčet";"2";"0,016"
"1499";"mořit";"2";"0,016"
"1500";"obdělávat";"2";"0,016"
"1501";"pindat";"2";"0,016"
"1502";"dvořit";"2";"0,016"
"1503";"přeřazovat";"2";"0,016"
"1504";"přivěšovat";"2";"0,016"
"1505";"vynášet";"2";"0,016"
"1506";"zesměšňovat";"2";"0,016"
"1507";"kamarádit";"2";"0,016"
"1508";"odvrhovat";"2";"0,016"
"1509";"přetvářet";"2";"0,016"
"1510";"přihlížet";"2";"0,016"
"1511";"bručet";"2";"0,016"
"1512";"vídat";"2";"0,016"
"1513";"vyučovat";"2";"0,016"
"1514";"potápět";"2";"0,016"
"1515";"tupat";"2";"0,016"
"1516";"podstrojovat";"2";"0,016"
"1517";"zasouvat";"2";"0,016"
"1518";"hoblovat";"2";"0,016"
"1519";"pokutovat";"2";"0,016"
"1520";"ochabovat";"2";"0,016"
"1521";"fakturovat";"2";"0,016"
"1522";"laškovat";"2";"0,016"
"1523";"jančit";"2";"0,016"
"1524";"plížit";"2";"0,016"
"1525";"ohromovat";"2";"0,016"
"1526";"přeptat";"2";"0,016"
"1527";"rozepínat";"2";"0,016"
"1528";"špulit";"2";"0,016"
"1529";"vybalovat";"2";"0,016"
"1530";"reptat";"2";"0,016"
"1531";"klanět";"2";"0,016"
"1532";"šeřit";"2";"0,016"
"1533";"rozvažovat";"2";"0,016"
"1534";"hrozit";"2";"0,016"
"1535";"tušit";"2";"0,016"
"1536";"převlékat";"2";"0,016"
"1537";"napravovat";"2";"0,016"
"1538";"flákat";"2";"0,016"
"1539";"pokrčovat";"2";"0,016"
"1540";"rozmlouvat";"2";"0,016"
"1541";"praktikovat";"2";"0,016"
"1542";"přebývat";"2";"0,016"
"1543";"diktovat";"2";"0,016"
"1544";"přelétat";"2";"0,016"
"1545";"vyvolávat";"2";"0,016"
"1546";"rýpat";"2";"0,016"
"1547";"osahávat";"2";"0,016"
"1548";"poškozovat";"2";"0,016"
"1549";"přisuzovat";"2";"0,016"
"1550";"vyvařovat";"2";"0,016"
"1551";"postávat";"2";"0,016"
"1552";"otrhávat";"2";"0,016"
"1553";"zamlouvat";"2";"0,016"
"1554";"odvzdušňovat";"2";"0,016"
"1555";"durdit";"2";"0,016"
"1556";"dorůstat";"2";"0,016"
"1557";"rozhlašovat";"2";"0,016"
"1558";"broukat";"2";"0,016"
"1559";"mhouřit";"2";"0,016"
"1560";"zahýbat";"2";"0,016"
"1561";"přebírat";"2";"0,016"
"1562";"odhalovat";"2";"0,016"
"1563";"resuscitovat";"2";"0,016"
"1564";"rozrušovat";"2";"0,016"
"1565";"nimrat";"2";"0,016"
"1566";"krásnět";"2";"0,016"
"1567";"zemnit";"2";"0,016"
"1568";"vyzývat";"2";"0,016"
"1569";"prahnout";"2";"0,016"
"1570";"sčítat";"2";"0,016"
"1571";"hladovět";"2";"0,016"
"1572";"filtrovat";"2";"0,016"
"1573";"nadzvedávat";"2";"0,016"
"1574";"kličkovat";"2";"0,016"
"1575";"dřímat";"2";"0,016"
"1576";"zatápět";"2";"0,016"
"1577";"poptávat";"2";"0,016"
"1578";"kutálet";"2";"0,016"
"1579";"vyrývat";"2";"0,016"
"1580";"dožadovat";"2";"0,016"
"1581";"žárlit";"2";"0,016"
"1582";"šílet";"2";"0,016"
"1583";"mísit";"2";"0,016"
"1584";"odkrývat";"2";"0,016"
"1585";"vypichovat";"2";"0,016"
"1586";"kontemplovat";"2";"0,016"
"1587";"ryčet";"2";"0,016"
"1588";"balamutit";"2";"0,016"
"1589";"potlačovat";"2";"0,016"
"1590";"prskat";"2";"0,016"
"1591";"skrápět";"2";"0,016"
"1592";"dusat";"2";"0,016"
"1593";"dloubat";"2";"0,016"
"1594";"zúčastňovat";"2";"0,016"
"1595";"courat";"2";"0,016"
"1596";"plazit";"2";"0,016"
"1597";"ohrožovat";"2";"0,016"
"1598";"shýbat";"2";"0,016"
"1599";"kódovat";"2";"0,016"
"1600";"odklízet";"2";"0,016"
"1601";"mramorovat";"2";"0,016"
"1602";"onanovat";"2";"0,016"
"1603";"vyštipovat";"2";"0,016"
"1604";"zarovnávat";"2";"0,016"
"1605";"zadlužovat";"2";"0,016"
"1606";"vyvěšovat";"2";"0,016"
"1607";"spočívat";"2";"0,016"
"1608";"pozvedat";"2";"0,016"
"1609";"tónovat";"2";"0,016"
"1610";"zamítat";"2";"0,016"
"1611";"smrdět";"2";"0,016"
"1612";"roztáčet";"2";"0,016"
"1613";"propouštět";"2";"0,016"
"1614";"ježit";"2";"0,016"
"1615";"stlát";"2";"0,016"
"1616";"drtit";"2";"0,016"
"1617";"buzerovat";"2";"0,016"
"1618";"podstrkovat";"2";"0,016"
"1619";"prosévat";"2";"0,016"
"1620";"vát";"2";"0,016"
"1621";"opětovat";"2";"0,016"
"1622";"odbočovat";"2";"0,016"
"1623";"nítit";"2";"0,016"
"1624";"převádět";"2";"0,016"
"1625";"pyskovat";"2";"0,016"
"1626";"předhazovat";"2";"0,016"
"1627";"dovážet";"2";"0,016"
"1628";"utužovat";"2";"0,016"
"1629";"opovrhovat";"2";"0,016"
"1630";"sesílat";"2";"0,016"
"1631";"zet";"2";"0,016"
"1632";"meškat";"2";"0,016"
"1633";"znásilňovat";"2";"0,016"
"1634";"tepat";"2";"0,016"
"1635";"abstinovat";"2";"0,016"
"1636";"venčit";"2";"0,016"
"1637";"loučit";"2";"0,016"
"1638";"reklamovat";"2";"0,016"
"1639";"hulákat";"2";"0,016"
"1640";"přebíjet";"2";"0,016"
"1641";"pálat";"2";"0,016"
"1642";"srážet";"2";"0,016"
"1643";"doprovázet";"2";"0,016"
"1644";"spárovat";"2";"0,016"
"1645";"vyplácet";"2";"0,016"
"1646";"dobíjet";"2";"0,016"
"1647";"škatulkovat";"2";"0,016"
"1648";"kvaltovat";"2";"0,016"
"1649";"pohřbívat";"2";"0,016"
"1650";"valit";"2";"0,016"
"1651";"odplácet";"2";"0,016"
"1652";"hubovat";"2";"0,016"
"1653";"snímat";"2";"0,016"
"1654";"lovit";"2";"0,016"
"1655";"dlabat";"2";"0,016"
"1656";"vyzvedávat";"2";"0,016"
"1657";"rozevírat";"2";"0,016"
"1658";"vlnit";"2";"0,016"
"1659";"hnát";"2";"0,016"
"1660";"dotírat";"2";"0,016"
"1661";"vyklánět";"2";"0,016"
"1662";"podezírat";"2";"0,016"
"1663";"smiřovat";"2";"0,016"
"1664";"stýskat";"2";"0,016"
"1665";"ulpívat";"2";"0,016"
"1666";"zahlcovat";"2";"0,016"
"1667";"machrovat";"2";"0,016"
"1668";"lichotit";"2";"0,016"
"1669";"odečítat";"2";"0,016"
"1670";"rozplývat";"2";"0,016"
"1671";"trčet";"2";"0,016"
"1672";"tlachat";"2";"0,016"
"1673";"krušit";"2";"0,016"
"1674";"řečnit";"2";"0,016"
"1675";"hrnout";"2";"0,016"
"1676";"pučet";"2";"0,016"
"1677";"tupovat";"2";"0,016"
"1678";"opíjet";"2";"0,016"
"1679";"blít";"2";"0,016"
"1680";"brnkat";"2";"0,016"
"1681";"žmoulat";"2";"0,016"
"1682";"argumentovat";"2";"0,016"
"1683";"zásobovat";"2";"0,016"
"1684";"setkávat";"2";"0,016"
"1685";"přivírat";"2";"0,016"
"1686";"žvatlat";"2";"0,016"
"1687";"rdít";"2";"0,016"
"1688";"škrtit";"2";"0,016"
"1689";"drobit";"2";"0,016"
"1690";"hroutit";"2";"0,016"
"1691";"dobíhat";"2";"0,016"
"1692";"zdát";"2";"0,016"
"1693";"požívat";"2";"0,016"
"1694";"rozkazovat";"2";"0,016"
"1695";"svědčit";"2";"0,016"
"1696";"jinačit";"2";"0,016"
"1697";"blahořečit";"2";"0,016"
"1698";"chrápat";"2";"0,016"
"1699";"vadnout";"2";"0,016"
"1700";"uspěchávat";"2";"0,016"
"1701";"hovět";"2";"0,016"
"1702";"selektovat";"2";"0,016"
"1703";"rozvádět";"2";"0,016"
"1704";"cítit";"2";"0,016"
"1705";"chlácholit";"2";"0,016"
"1706";"přistávat";"2";"0,016"
"1707";"okřikovat";"2";"0,016"
"1708";"zamýšlet";"2";"0,016"
"1709";"vybízet";"2";"0,016"
"1710";"orat";"2";"0,016"
"1711";"kýchat";"2";"0,016"
"1712";"pohrávat";"2";"0,016"
"1713";"metat";"2";"0,016"
"1714";"utiskovat";"2";"0,016"
"1715";"projíždět";"2";"0,016"
"1716";"přednášet";"2";"0,016"
"1717";"pobývat";"2";"0,016"
"1718";"listovat";"2";"0,016"
"1719";"kvílet";"2";"0,016"
"1720";"hloubit";"2";"0,016"
"1721";"mentorovat";"2";"0,016"
"1722";"šidit";"2";"0,016"
"1723";"nadzdvihávat";"2";"0,016"
"1724";"vyhodnocovat";"2";"0,016"
"1725";"lokalizovat";"2";"0,016"
"1726";"resuspendovat";"2";"0,016"
"1727";"propichovat";"2";"0,016"
"1728";"zohledňovat";"2";"0,016"
"1729";"pročesávat";"2";"0,016"
"1730";"prokrastinovat";"2";"0,016"
"1731";"nařizovat";"2";"0,016"
"1732";"stravovat";"2";"0,016"
"1733";"účastnit";"2";"0,016"
"1734";"vyjasňovat";"2";"0,016"
"1735";"brousit";"2";"0,016"
"1736";"balancovat";"2";"0,016"
"1737";"vlát";"2";"0,016"
"1738";"klečet";"2";"0,016"
"1739";"nahrnovat";"2";"0,016"
"1740";"ospravedlňovat";"2";"0,016"
"1741";"vytlačovat";"2";"0,016"
"1742";"roztloukat";"2";"0,016"
"1743";"líčit";"2";"0,016"
"1744";"přetahovat";"2";"0,016"
"1745";"inovovat";"2";"0,016"
"1746";"odpalovat";"2";"0,016"
"1747";"podivovat";"2";"0,016"
"1748";"vyčesávat";"2";"0,016"
"1749";"cikánit";"2";"0,016"
"1750";"brejlit";"2";"0,016"
"1751";"vykřikovat";"2";"0,016"
"1752";"najíždět";"2";"0,016"
"1753";"neutralizovat";"2";"0,016"
"1754";"porcovat";"2";"0,016"
"1755";"hromadit";"2";"0,016"
"1756";"vyprazdňovat";"2";"0,016"
"1757";"vanout";"2";"0,016"
"1758";"cloumat";"2";"0,016"
"1759";"předkládat";"2";"0,016"
"1760";"protrhávat";"2";"0,016"
"1761";"domáhat";"2";"0,016"
"1762";"domýšlet";"2";"0,016"
"1763";"přezouvat";"2";"0,016"
"1764";"cumlat";"2";"0,016"
"1765";"fantazírovat";"2";"0,016"
"1766";"ozvučit";"2";"0,016"
"1767";"zapadat";"2";"0,016"
"1768";"obírat";"2";"0,016"
"1769";"potěšovat";"2";"0,016"
"1770";"promlouvat";"2";"0,016"
"1771";"legalizovat";"2";"0,016"
"1772";"snoubit";"2";"0,016"
"1773";"dohánět";"2";"0,016"
"1774";"prohmatávat";"2";"0,016"
"1775";"vypadat";"2";"0,016"
"1776";"zasnubovat";"2";"0,016"
"1777";"zapřahat";"2";"0,016"
"1778";"zamilovávat";"2";"0,016"
"1779";"kropit";"2";"0,016"
"1780";"uspávat";"2";"0,016"
"1781";"dosazovat";"2";"0,016"
"1782";"soustřeďovat";"2";"0,016"
"1783";"sedlat";"2";"0,016"
"1784";"plenit";"2";"0,016"
"1785";"specializovat";"2";"0,016"
"1786";"zaplňovat";"2";"0,016"
"1787";"provlékat";"2";"0,016"
"1788";"viklat";"2";"0,016"
"1789";"slévat";"2";"0,016"
"1790";"letovat";"2";"0,016"
"1791";"prostírat";"2";"0,016"
"1792";"ovívat";"2";"0,016"
"1793";"pepřit";"2";"0,016"
"1794";"odvážet";"2";"0,016"
"1795";"seřezávat";"2";"0,016"
"1796";"vymíchávat";"1";"0,008"
"1797";"odrazovat";"1";"0,008"
"1798";"vyklenovat";"1";"0,008"
"1799";"zaostřovat";"1";"0,008"
"1800";"kopulovat";"1";"0,008"
"1801";"nabádat";"1";"0,008"
"1802";"drmolit";"1";"0,008"
"1803";"vzlykat";"1";"0,008"
"1804";"předjíždět";"1";"0,008"
"1805";"prozkoumávat";"1";"0,008"
"1806";"forčekovat";"1";"0,008"
"1807";"tupit";"1";"0,008"
"1808";"nadržovat";"1";"0,008"
"1809";"dýmit";"1";"0,008"
"1810";"kuchařit";"1";"0,008"
"1811";"posilňovat";"1";"0,008"
"1812";"tútat";"1";"0,008"
"1813";"přirychlovat";"1";"0,008"
"1814";"močit";"1";"0,008"
"1815";"křivit";"1";"0,008"
"1816";"skýtat";"1";"0,008"
"1817";"gruntovat";"1";"0,008"
"1818";"pitvat";"1";"0,008"
"1819";"opájet";"1";"0,008"
"1820";"pěnit";"1";"0,008"
"1821";"naklepávat";"1";"0,008"
"1822";"vyndavat";"1";"0,008"
"1823";"vyplachovat";"1";"0,008"
"1824";"šišlat";"1";"0,008"
"1825";"evokovat";"1";"0,008"
"1826";"hmatat";"1";"0,008"
"1827";"drilovat";"1";"0,008"
"1828";"zajídat";"1";"0,008"
"1829";"vjíždět";"1";"0,008"
"1830";"šamponovat";"1";"0,008"
"1831";"zažívat";"1";"0,008"
"1832";"odepírat";"1";"0,008"
"1833";"zvětšovat";"1";"0,008"
"1834";"opalovat";"1";"0,008"
"1835";"tulit";"1";"0,008"
"1836";"přátelit";"1";"0,008"
"1837";"nařezávat";"1";"0,008"
"1838";"vykapávat";"1";"0,008"
"1839";"smývat";"1";"0,008"
"1840";"mést";"1";"0,008"
"1841";"přikapávat";"1";"0,008"
"1842";"promačkávat";"1";"0,008"
"1843";"prověšovat";"1";"0,008"
"1844";"narovnávat";"1";"0,008"
"1845";"zklidňovat";"1";"0,008"
"1846";"převalovat";"1";"0,008"
"1847";"rozpažovat";"1";"0,008"
"1848";"zrcadlit";"1";"0,008"
"1849";"zastýlat";"1";"0,008"
"1850";"zaobírat";"1";"0,008"
"1851";"vyhrocovat";"1";"0,008"
"1852";"revoltovat";"1";"0,008"
"1853";"vyvažovat";"1";"0,008"
"1854";"vmasírovávat";"1";"0,008"
"1855";"holdovat";"1";"0,008"
"1856";"dokreslovat";"1";"0,008"
"1857";"soupeřit";"1";"0,008"
"1858";"rázovat";"1";"0,008"
"1859";"opečovávat";"1";"0,008"
"1860";"nakrepovat";"1";"0,008"
"1861";"šátkovat";"1";"0,008"
"1862";"vciťovat";"1";"0,008"
"1863";"rybařit";"1";"0,008"
"1864";"přisouvat";"1";"0,008"
"1865";"uschovávat";"1";"0,008"
"1866";"vyjímat";"1";"0,008"
"1867";"rámovat";"1";"0,008"
"1868";"tloustnout";"1";"0,008"
"1869";"přikusovat";"1";"0,008"
"1870";"nadřazovat";"1";"0,008"
"1871";"vymycovat";"1";"0,008"
"1872";"připichovat";"1";"0,008"
"1873";"ronit";"1";"0,008"
"1874";"převracet";"1";"0,008"
"1875";"odstříkávat";"1";"0,008"
"1876";"dřepovat";"1";"0,008"
"1877";"předkopávat";"1";"0,008"
"1878";"zanášet";"1";"0,008"
"1879";"stanovovat";"1";"0,008"
"1880";"přišlehávat";"1";"0,008"
"1881";"vyzařovat";"1";"0,008"
"1882";"drolit";"1";"0,008"
"1883";"prokrvovat";"1";"0,008"
"1884";"zadělávat";"1";"0,008"
"1885";"slunit";"1";"0,008"
"1886";"strouhat";"1";"0,008"
"1887";"křečkovat";"1";"0,008"
"1888";"přiživovat";"1";"0,008"
"1889";"clonit";"1";"0,008"
"1890";"povalovat";"1";"0,008"
"1891";"jednotit";"1";"0,008"
"1892";"rotovat";"1";"0,008"
"1893";"přežvykovat";"1";"0,008"
"1894";"předjímat";"1";"0,008"
"1895";"poslepovat";"1";"0,008"
"1896";"zmenšovat";"1";"0,008"
"1897";"přiklápět";"1";"0,008"
"1898";"zaaretovat";"1";"0,008"
"1899";"proplouvat";"1";"0,008"
"1900";"kalkulovat";"1";"0,008"
"1901";"rychlit";"1";"0,008"
"1902";"seškrabovat";"1";"0,008"
"1903";"promotávat";"1";"0,008"
"1904";"polepovat";"1";"0,008"
"1905";"sešlapávat";"1";"0,008"
"1906";"zarývat";"1";"0,008"
"1907";"vápnit";"1";"0,008"
"1908";"jitřit";"1";"0,008"
"1909";"odlepovat";"1";"0,008"
"1910";"smýčit";"1";"0,008"
"1911";"evidovat";"1";"0,008"
"1912";"odstřeďovat";"1";"0,008"
"1913";"uhrabávat";"1";"0,008"
"1914";"namotávat";"1";"0,008"
"1915";"proplétat";"1";"0,008"
"1916";"stmívat";"1";"0,008"
"1917";"přebíhat";"1";"0,008"
"1918";"umísťovat";"1";"0,008"
"1919";"okopávat";"1";"0,008"
"1920";"sestřihávat";"1";"0,008"
"1921";"vrývat";"1";"0,008"
"1922";"srocovat";"1";"0,008"
"1923";"podpisovat";"1";"0,008"
"1924";"pulzovat";"1";"0,008"
"1925";"plužit";"1";"0,008"
"1926";"přihazovat";"1";"0,008"
"1927";"našeptávat";"1";"0,008"
"1928";"pohupovat";"1";"0,008"
"1929";"přivlastňovat";"1";"0,008"
"1930";"marodit";"1";"0,008"
"1931";"přisunovat";"1";"0,008"
"1932";"žebrat";"1";"0,008"
"1933";"podřezávat";"1";"0,008"
"1934";"chrochtat";"1";"0,008"
"1935";"odstrkovat";"1";"0,008"
"1936";"mumlat";"1";"0,008"
"1937";"navlékat";"1";"0,008"
"1938";"zotavovat";"1";"0,008"
"1939";"stylizovat";"1";"0,008"
"1940";"zařezávat";"1";"0,008"
"1941";"prostředkovat";"1";"0,008"
"1942";"rašplovat";"1";"0,008"
"1943";"přitěžovat";"1";"0,008"
"1944";"sdružovat";"1";"0,008"
"1945";"objasňovat";"1";"0,008"
"1946";"vtloukat";"1";"0,008"
"1947";"odtrhávat";"1";"0,008"
"1948";"obkládat";"1";"0,008"
"1949";"rozjíždět";"1";"0,008"
"1950";"krvácet";"1";"0,008"
"1951";"přetvařovat";"1";"0,008"
"1952";"cukrovat";"1";"0,008"
"1953";"masturbovat";"1";"0,008"
"1954";"soukromničit";"1";"0,008"
"1955";"šéfovat";"1";"0,008"
"1956";"obkličovat";"1";"0,008"
"1957";"ovulovat";"1";"0,008"
"1958";"hekat";"1";"0,008"
"1959";"spokojovat";"1";"0,008"
"1960";"navykat";"1";"0,008"
"1961";"děrovat";"1";"0,008"
"1962";"zavánět";"1";"0,008"
"1963";"upípat";"1";"0,008"
"1964";"obhlížet";"1";"0,008"
"1965";"popotahovat";"1";"0,008"
"1966";"oplakávat";"1";"0,008"
"1967";"hanobit";"1";"0,008"
"1968";"slábnout";"1";"0,008"
"1969";"čučet";"1";"0,008"
"1970";"dlužit";"1";"0,008"
"1971";"sesypávat";"1";"0,008"
"1972";"muchlovat";"1";"0,008"
"1973";"nahánět";"1";"0,008"
"1974";"odnímat";"1";"0,008"
"1975";"vpravovat";"1";"0,008"
"1976";"škádlit";"1";"0,008"
"1977";"uždibovat";"1";"0,008"
"1978";"malomyslnět";"1";"0,008"
"1979";"znervózňovat";"1";"0,008"
"1980";"želet";"1";"0,008"
"1981";"mašlovat";"1";"0,008"
"1982";"osvobozovat";"1";"0,008"
"1983";"zaplácet";"1";"0,008"
"1984";"vyzvídat";"1";"0,008"
"1985";"prospívat";"1";"0,008"
"1986";"koktat";"1";"0,008"
"1987";"šuškat";"1";"0,008"
"1988";"přesívat";"1";"0,008"
"1989";"šprtat";"1";"0,008"
"1990";"referovat";"1";"0,008"
"1991";"zkrášlovat";"1";"0,008"
"1992";"blikat";"1";"0,008"
"1993";"vymalovávat";"1";"0,008"
"1994";"žonglovat";"1";"0,008"
"1995";"odmykat";"1";"0,008"
"1996";"pozastavovat";"1";"0,008"
"1997";"slintat";"1";"0,008"
"1998";"přetlačovat";"1";"0,008"
"1999";"výskat";"1";"0,008"
"2000";"utrhovat";"1";"0,008"
"2001";"křenit";"1";"0,008"
"2002";"zaplašovat";"1";"0,008"
"2003";"vovazovat";"1";"0,008"
"2004";"přehrabovat";"1";"0,008"
"2005";"předčítat";"1";"0,008"
"2006";"čelit";"1";"0,008"
"2007";"fintit";"1";"0,008"
"2008";"přisvětlovat";"1";"0,008"
"2009";"hypnotizovat";"1";"0,008"
"2010";"svalovat";"1";"0,008"
"2011";"sídlit";"1";"0,008"
"2012";"napouštět";"1";"0,008"
"2013";"zdít";"1";"0,008"
"2014";"soukat";"1";"0,008"
"2015";"zatajovat";"1";"0,008"
"2016";"pochlebovat";"1";"0,008"
"2017";"chcát";"1";"0,008"
"2018";"klížit";"1";"0,008"
"2019";"sečkat";"1";"0,008"
"2020";"sklít";"1";"0,008"
"2021";"houkat";"1";"0,008"
"2022";"rozněcovat";"1";"0,008"
"2023";"chvět";"1";"0,008"
"2024";"zbožňovat";"1";"0,008"
"2025";"strategizovat";"1";"0,008"
"2026";"suplovat";"1";"0,008"
"2027";"vykukovat";"1";"0,008"
"2028";"dobírat";"1";"0,008"
"2029";"vybavovat";"1";"0,008"
"2030";"mašírovat";"1";"0,008"
"2031";"kničet";"1";"0,008"
"2032";"bělit";"1";"0,008"
"2033";"šmatlat";"1";"0,008"
"2034";"virtualizovat";"1";"0,008"
"2035";"odštipovat";"1";"0,008"
"2036";"šumovat";"1";"0,008"
"2037";"deformovat";"1";"0,008"
"2038";"plesnivět";"1";"0,008"
"2039";"ledovat";"1";"0,008"
"2040";"mistrovat";"1";"0,008"
"2041";"odpojovat";"1";"0,008"
"2042";"vchodit";"1";"0,008"
"2043";"obohacovat";"1";"0,008"
"2044";"tlemit";"1";"0,008"
"2045";"zatýkat";"1";"0,008"
"2046";"sochat";"1";"0,008"
"2047";"ukrajovat";"1";"0,008"
"2048";"hanbit";"1";"0,008"
"2049";"lechtat";"1";"0,008"
"2050";"svazovat";"1";"0,008"
"2051";"samovyšetřovat";"1";"0,008"
"2052";"odumírat";"1";"0,008"
"2053";"rešeršovat";"1";"0,008"
"2054";"pokřikovat";"1";"0,008"
"2055";"ohlupovat";"1";"0,008"
"2056";"nynat";"1";"0,008"
"2057";"navozovat";"1";"0,008"
"2058";"hyzdit";"1";"0,008"
"2059";"strefovat";"1";"0,008"
"2060";"zobecňovat";"1";"0,008"
"2061";"vypomáhat";"1";"0,008"
"2062";"přepichovat";"1";"0,008"
"2063";"říhat";"1";"0,008"
"2064";"osvětlovat";"1";"0,008"
"2065";"sešívat";"1";"0,008"
"2066";"linkovat";"1";"0,008"
"2067";"přiťukávat";"1";"0,008"
"2068";"zářit";"1";"0,008"
"2069";"rozmisťovat";"1";"0,008"
"2070";"reaktivovat";"1";"0,008"
"2071";"vyskytovat";"1";"0,008"
"2072";"profilovat";"1";"0,008"
"2073";"dunět";"1";"0,008"
"2074";"dovádět";"1";"0,008"
"2075";"hamtat";"1";"0,008"
"2076";"zraňovat";"1";"0,008"
"2077";"přestupovat";"1";"0,008"
"2078";"třímat";"1";"0,008"
"2079";"detašovat";"1";"0,008"
"2080";"okecávat";"1";"0,008"
"2081";"zaclánět";"1";"0,008"
"2082";"kymácet";"1";"0,008"
"2083";"přepojovat";"1";"0,008"
"2084";"povysávat";"1";"0,008"
"2085";"vzpouzet";"1";"0,008"
"2086";"odbíjet";"1";"0,008"
"2087";"dřepět";"1";"0,008"
"2088";"léčit";"1";"0,008"
"2089";"prohlašovat";"1";"0,008"
"2090";"nárokovat";"1";"0,008"
"2091";"válcovat";"1";"0,008"
"2092";"dorážet";"1";"0,008"
"2093";"skandovat";"1";"0,008"
"2094";"šátrat";"1";"0,008"
"2095";"vyzvánět";"1";"0,008"
"2096";"rejdovat";"1";"0,008"
"2097";"sundavat";"1";"0,008"
"2098";"ustávat";"1";"0,008"
"2099";"vykecávat";"1";"0,008"
"2100";"cejchovat";"1";"0,008"
"2101";"špehovat";"1";"0,008"
"2102";"ústit";"1";"0,008"
"2103";"usedat";"1";"0,008"
"2104";"oškrabovat";"1";"0,008"
"2105";"rozestavovat";"1";"0,008"
"2106";"syslit";"1";"0,008"
"2107";"zanořovat";"1";"0,008"
"2108";"koketovat";"1";"0,008"
"2109";"přehrávat";"1";"0,008"
"2110";"sykat";"1";"0,008"
"2111";"ušlapávat";"1";"0,008"
"2112";"asociovat";"1";"0,008"
"2113";"performovat";"1";"0,008"
"2114";"ztotožňovat";"1";"0,008"
"2115";"konejšit";"1";"0,008"
"2116";"řízkovat";"1";"0,008"
"2117";"unášet";"1";"0,008"
"2118";"vlčet";"1";"0,008"
"2119";"stolovat";"1";"0,008"
"2120";"rýmovat";"1";"0,008"
"2121";"zviditelňovat";"1";"0,008"
"2122";"zacpávat";"1";"0,008"
"2123";"podlézat";"1";"0,008"
"2124";"špásovat";"1";"0,008"
"2125";"dokupovat";"1";"0,008"
"2126";"vrkat";"1";"0,008"
"2127";"fetovat";"1";"0,008"
"2128";"lustrovat";"1";"0,008"
"2129";"clít";"1";"0,008"
"2130";"zavdávat";"1";"0,008"
"2131";"lisovat";"1";"0,008"
"2132";"zastiňovat";"1";"0,008"
"2133";"potřásat";"1";"0,008"
"2134";"doplácet";"1";"0,008"
"2135";"splývat";"1";"0,008"
"2136";"obsazovat";"1";"0,008"
"2137";"režírovat";"1";"0,008"
"2138";"přibržďovat";"1";"0,008"
"2139";"zapřísahat";"1";"0,008"
"2140";"generovat";"1";"0,008"
"2141";"osopovat";"1";"0,008"
"2142";"usměrňovat";"1";"0,008"
"2143";"přibírat";"1";"0,008"
"2144";"vyasfaltovat";"1";"0,008"
"2145";"podtáčet";"1";"0,008"
"2146";"hajlovat";"1";"0,008"
"2147";"zhoršovat";"1";"0,008"
"2148";"vyčerpávat";"1";"0,008"
"2149";"deklamovat";"1";"0,008"
"2150";"korzovat";"1";"0,008"
"2151";"vyhlašovat";"1";"0,008"
"2152";"odkýblovat";"1";"0,008"
"2153";"opruzovat";"1";"0,008"
"2154";"rekreovat";"1";"0,008"
"2155";"chechtat";"1";"0,008"
"2156";"prostřídávat";"1";"0,008"
"2157";"operovat";"1";"0,008"
"2158";"čmuchat";"1";"0,008"
"2159";"zašívat";"1";"0,008"
"2160";"dohazovat";"1";"0,008"
"2161";"znečisťovat";"1";"0,008"
"2162";"reinkarnovat";"1";"0,008"
"2163";"připadat";"1";"0,008"
"2164";"prosvětlovat";"1";"0,008"
"2165";"znehodnocovat";"1";"0,008"
"2166";"žnout";"1";"0,008"
"2167";"okouzlovat";"1";"0,008"
"2168";"rožnit";"1";"0,008"
"2169";"hvízdat";"1";"0,008"
"2170";"capat";"1";"0,008"
"2171";"podtrhat";"1";"0,008"
"2172";"stavovat";"1";"0,008"
"2173";"osvědčovat";"1";"0,008"
"2174";"zamlčovat";"1";"0,008"
"2175";"asistovat";"1";"0,008"
"2176";"kvedlat";"1";"0,008"
"2177";"zahalovat";"1";"0,008"
"2178";"lákat";"1";"0,008"
"2179";"bujet";"1";"0,008"
"2180";"bývat";"1";"0,008"
"2181";"zdaňovat";"1";"0,008"
"2182";"znevažovat";"1";"0,008"
"2183";"smilnit";"1";"0,008"
"2184";"obětovávat";"1";"0,008"
"2185";"znepříjemňovat";"1";"0,008"
"2186";"očichávat";"1";"0,008"
"2187";"taktovat";"1";"0,008"
"2188";"rozmíchávat";"1";"0,008"
"2189";"hazardovat";"1";"0,008"
"2190";"osekávat";"1";"0,008"
"2191";"taktizovat";"1";"0,008"
"2192";"pokyvovat";"1";"0,008"
"2193";"obnažovat";"1";"0,008"
"2194";"chytračit";"1";"0,008"
"2195";"podrývat";"1";"0,008"
"2196";"hnít";"1";"0,008"
"2197";"jídat";"1";"0,008"
"2198";"schvalovat";"1";"0,008"
"2199";"zázračit";"1";"0,008"
"2200";"žlutat";"1";"0,008"
"2201";"pižlat";"1";"0,008"
"2202";"nadužívat";"1";"0,008"
"2203";"překročovat";"1";"0,008"
"2204";"mívat";"1";"0,008"
"2205";"sfoukávat";"1";"0,008"
"2206";"přivoňovat";"1";"0,008"
"2207";"brodit";"1";"0,008"
"2208";"vytínat";"1";"0,008"
"2209";"kafrat";"1";"0,008"
"2210";"překovat";"1";"0,008"
"2211";"uvazovat";"1";"0,008"
"2212";"metamorfovat";"1";"0,008"
"2213";"dopadat";"1";"0,008"
"2214";"odtahovat";"1";"0,008"
"2215";"vyklápět";"1";"0,008"
"2216";"vztahovat";"1";"0,008"
"2217";"ponoukat";"1";"0,008"
"2218";"operacionalizovat";"1";"0,008"
"2219";"oblbovat";"1";"0,008"
"2220";"samoopalovat";"1";"0,008"
"2221";"prořezávat";"1";"0,008"
"2222";"odznačovat";"1";"0,008"
"2223";"rozpojovat";"1";"0,008"
"2224";"vyplivovat";"1";"0,008"
"2225";"zabodávat";"1";"0,008"
"2226";"oklepávat";"1";"0,008"
"2227";"lítostnit";"1";"0,008"
"2228";"párovat";"1";"0,008"
"2229";"rozprostírat";"1";"0,008"
"2230";"muchlat";"1";"0,008"
"2231";"napařovat";"1";"0,008"
"2232";"plápolat";"1";"0,008"
"2233";"usazovat";"1";"0,008"
"2234";"teoretizovat";"1";"0,008"
"2235";"odříkat";"1";"0,008"
"2236";"zastříhávat";"1";"0,008"
"2237";"saunovat";"1";"0,008"
"2238";"zašlapávat";"1";"0,008"
"2239";"přičítat";"1";"0,008"
"2240";"osvojovat";"1";"0,008"
"2241";"vyšetřovat";"1";"0,008"
"2242";"prodýchávat";"1";"0,008"
"2243";"nazírat";"1";"0,008"
"2244";"vymezovat";"1";"0,008"
"2245";"pelášit";"1";"0,008"
"2246";"šponovat";"1";"0,008"
"2247";"upoutávat";"1";"0,008"
"2248";"rochnit";"1";"0,008"
"2249";"chrlit";"1";"0,008"
"2250";"zasévat";"1";"0,008"
"2251";"kvapit";"1";"0,008"
"2252";"blábolit";"1";"0,008"
"2253";"souviset";"1";"0,008"
"2254";"toužit";"1";"0,008"
"2255";"ocucávat";"1";"0,008"
"2256";"ujídat";"1";"0,008"
"2257";"zodpovídat";"1";"0,008"
"2258";"zbraňovat";"1";"0,008"
"2259";"streamovat";"1";"0,008"
"2260";"pronásledovat";"1";"0,008"
"2261";"honosit";"1";"0,008"
"2262";"stohovat";"1";"0,008"
"2263";"hájit";"1";"0,008"
"2264";"býčit";"1";"0,008"
"2265";"šťouchat";"1";"0,008"
"2266";"potulovat";"1";"0,008"
"2267";"volejzat";"1";"0,008"
"2268";"vinšovat";"1";"0,008"
"2269";"připisovat";"1";"0,008"
"2270";"kabonit";"1";"0,008"
"2271";"hecovat";"1";"0,008"
"2272";"kuňkat";"1";"0,008"
"2273";"ráchat";"1";"0,008"
"2274";"zdávat";"1";"0,008"
"2275";"podsouvat";"1";"0,008"
"2276";"nahřívat";"1";"0,008"
"2277";"polehávat";"1";"0,008"
"2278";"zapřádat";"1";"0,008"
"2279";"pištět";"1";"0,008"
"2280";"prasit";"1";"0,008"
"2281";"zalézat";"1";"0,008"
"2282";"kroužkovat";"1";"0,008"
"2283";"drát";"1";"0,008"
"2284";"páčit";"1";"0,008"
"2285";"přesunovat";"1";"0,008"
"2286";"milkovat";"1";"0,008"
"2287";"moralizovat";"1";"0,008"
"2288";"vycpávat";"1";"0,008"
"2289";"cachtat";"1";"0,008"
"2290";"ládovat";"1";"0,008"
"2291";"nalézat";"1";"0,008"
"2292";"pyšnit";"1";"0,008"
"2293";"nafukovat";"1";"0,008"
"2294";"brnět";"1";"0,008"
"2295";"zesilovat";"1";"0,008"
"2296";"provolávat";"1";"0,008"
"2297";"rozmazávat";"1";"0,008"
"2298";"převyprávět";"1";"0,008"
"2299";"zostuzovat";"1";"0,008"
"2300";"prostříkat";"1";"0,008"
"2301";"vzpěčovat";"1";"0,008"
"2302";"dovírat";"1";"0,008"
"2303";"breptat";"1";"0,008"
"2304";"cekat";"1";"0,008"
"2305";"láteřit";"1";"0,008"
"2306";"kulmovat";"1";"0,008"
"2307";"lísat";"1";"0,008"
"2308";"doprošovat";"1";"0,008"
"2309";"dojídat";"1";"0,008"
"2310";"rozvazovat";"1";"0,008"
"2311";"zasypávat";"1";"0,008"
"2312";"tvrdnout";"1";"0,008"
"2313";"šimrat";"1";"0,008"
"2314";"rachat";"1";"0,008"
"2315";"závitovat";"1";"0,008"
"2316";"vyzpěvovat";"1";"0,008"
"2317";"vklepávat";"1";"0,008"
"2318";"zveličovat";"1";"0,008"
"2319";"vypisovat";"1";"0,008"
"2320";"přibíjet";"1";"0,008"
"2321";"živořit";"1";"0,008"
"2322";"schraňovat";"1";"0,008"
"2323";"nahýbat";"1";"0,008"
"2324";"špinavět";"1";"0,008"
"2325";"tyčit";"1";"0,008"
"2326";"úpět";"1";"0,008"
"2327";"protiřečit";"1";"0,008"
"2328";"frkat";"1";"0,008"
"2329";"obsluhovat";"1";"0,008"
"2330";"napájet";"1";"0,008"
"2331";"uzdravovat";"1";"0,008"
"2332";"rozjitřovat";"1";"0,008"
"2333";"trápívat";"1";"0,008"
"2334";"čekávat";"1";"0,008"
"2335";"doutnat";"1";"0,008"
"2336";"chrchlat";"1";"0,008"
"2337";"zapřísahávat";"1";"0,008"
"2338";"smekat";"1";"0,008"
"2339";"leptat";"1";"0,008"
"2340";"dudat";"1";"0,008"
"2341";"transferovat";"1";"0,008"
"2342";"bláznívat";"1";"0,008"
"2343";"žíznit";"1";"0,008"
"2344";"vyžvaňovat";"1";"0,008"
"2345";"žadonit";"1";"0,008"
"2346";"obrušovat";"1";"0,008"
"2347";"praskat";"1";"0,008"
"2348";"hmitat";"1";"0,008"
"2349";"vopečovávat";"1";"0,008"
"2350";"vyklepávat";"1";"0,008"
"2351";"okusovat";"1";"0,008"
"2352";"špinit";"1";"0,008"
"2353";"bahnit";"1";"0,008"
"2354";"gratulovat";"1";"0,008"
"2355";"vyhřívat";"1";"0,008"
"2356";"trémovat";"1";"0,008"
"2357";"odlétat";"1";"0,008"
"2358";"odsedat";"1";"0,008"
"2359";"pozakrývat";"1";"0,008"
"2360";"přepisovat";"1";"0,008"
"2361";"oslňovat";"1";"0,008"
"2362";"slabikovat";"1";"0,008"
"2363";"dolovat";"1";"0,008"
"2364";"vkrádat";"1";"0,008"
"2365";"zdvíhat";"1";"0,008"
"2366";"muckat";"1";"0,008"
"2367";"zužovat";"1";"0,008"
"2368";"rozvalovat";"1";"0,008"
"2369";"komparovat";"1";"0,008"
"2370";"vejrat";"1";"0,008"
"2371";"holedbat";"1";"0,008"
"2372";"rozeznávat";"1";"0,008"
"2373";"cuchat";"1";"0,008"
"2374";"odchylovat";"1";"0,008"
"2375";"vášnivět";"1";"0,008"
"2376";"googlit";"1";"0,008"
"2377";"umrtvovat";"1";"0,008"
"2378";"zasazovat";"1";"0,008"
"2379";"markovat";"1";"0,008"
"2380";"tropit";"1";"0,008"
"2381";"pohánět";"1";"0,008"
"2382";"sanovat";"1";"0,008"
"2383";"cálovat";"1";"0,008"
"2384";"ulévat";"1";"0,008"
"2385";"potkávat";"1";"0,008"
"2386";"dosypávat";"1";"0,008"
"2387";"vrážet";"1";"0,008"
"2388";"trousit";"1";"0,008"
"2389";"skučet";"1";"0,008"
"2390";"zoomovat";"1";"0,008"
"2391";"zevlovat";"1";"0,008"
"2392";"sabotovat";"1";"0,008"
"2393";"tweetovat";"1";"0,008"
"2394";"bloumat";"1";"0,008"
"2395";"deportovat";"1";"0,008"
"2396";"sesekat";"1";"0,008"
"2397";"odšťavňovat";"1";"0,008"
"2398";"krákorat";"1";"0,008"
"2399";"bědovat";"1";"0,008"
"2400";"tipovat";"1";"0,008"
"2401";"dosívat";"1";"0,008"
"2402";"ventilovat";"1";"0,008"
"2403";"předepisovat";"1";"0,008"
"2404";"propočítávat";"1";"0,008"
"2405";"hajinkat";"1";"0,008"
"2406";"soužit";"1";"0,008"
"2407";"přirovnávat";"1";"0,008"
"2408";"cákat";"1";"0,008"
"2409";"rozesmívat";"1";"0,008"
"2410";"unikat";"1";"0,008"
"2411";"dirigovat";"1";"0,008"
"2412";"zatravňovat";"1";"0,008"
"2413";"živit";"1";"0,008"
"2414";"nandávat";"1";"0,008"
"2415";"odlamovat";"1";"0,008"
"2416";"krvavět";"1";"0,008"
"2417";"tmelit";"1";"0,008"
"2418";"vzbuzovat";"1";"0,008"
"2419";"chvástat";"1";"0,008"
"2420";"očišťovat";"1";"0,008"
"2421";"tázat";"1";"0,008"
"2422";"vyrůstat";"1";"0,008"
"2423";"porážet";"1";"0,008"
"2424";"dychtit";"1";"0,008"
"2425";"svíjet";"1";"0,008"
"2426";"syntetizovat";"1";"0,008"
"2427";"provdávat";"1";"0,008"
"2428";"rozkoukávat";"1";"0,008"
"2429";"ukrývat";"1";"0,008"
"2430";"vychvalovat";"1";"0,008"
"2431";"prozpěvovat";"1";"0,008"
"2432";"rokovat";"1";"0,008"
"2433";"blamovat";"1";"0,008"
"2434";"zabavovat";"1";"0,008"
"2435";"zjemňovat";"1";"0,008"
"2436";"přiřazovat";"1";"0,008"
"2437";"přistřihávat";"1";"0,008"
"2438";"pytlovat";"1";"0,008"
"2439";"vřít";"1";"0,008"
"2440";"praštit";"1";"0,008"
"2441";"vyhrazovat";"1";"0,008"
"2442";"obmeškávat";"1";"0,008"
"2443";"spotřebovávat";"1";"0,008"
"2444";"usuzovat";"1";"0,008"
"2445";"vyznačovat";"1";"0,008"
"2446";"obkreslovat";"1";"0,008"
"2447";"přeplétat";"1";"0,008"
"2448";"potahovat";"1";"0,008"
"2449";"propukat";"1";"0,008"
"2450";"zajišťovat";"1";"0,008"
"2451";"zasluhovat";"1";"0,008"
"2452";"podtrhávat";"1";"0,008"
"2453";"svolávat";"1";"0,008"
"2454";"posedat";"1";"0,008"
"2455";"nabývat";"1";"0,008"
"2456";"kriminalizovat";"1";"0,008"
"2457";"zaujímat";"1";"0,008"
"2458";"probíhat";"1";"0,008"
"2459";"manifestovat";"1";"0,008"
"2460";"ukojovat";"1";"0,008"
"2461";"směšovat";"1";"0,008"
"2462";"ochuzovat";"1";"0,008"
"2463";"prociťovat";"1";"0,008"
"2464";"zvládat";"1";"0,008"
"2465";"pomatovat";"1";"0,008"
"2466";"vyklízet";"1";"0,008"
"2467";"robit";"1";"0,008"
"2468";"přechovávat";"1";"0,008"
"2469";"sunout";"1";"0,008"
"2470";"podpalovat";"1";"0,008"
"2471";"napomáhat";"1";"0,008"
"2472";"přežírat";"1";"0,008"
"2473";"doléčovat";"1";"0,008"
"2474";"parodovat";"1";"0,008"
"2475";"vymačkávat";"1";"0,008"
"2476";"rozvírat";"1";"0,008"
"2477";"odříkávat";"1";"0,008"
"2478";"přispívat";"1";"0,008"
"2479";"podvolovat";"1";"0,008"
"2480";"vojvodit";"1";"0,008"
"2481";"vtlačovat";"1";"0,008"
"2482";"produkovat";"1";"0,008"
"2483";"svařovat";"1";"0,008"
"2484";"zakončovat";"1";"0,008"
"2485";"rozkládat";"1";"0,008"
"2486";"bortit";"1";"0,008"
"2487";"přejímat";"1";"0,008"
"2488";"vítězit";"1";"0,008"
"2489";"mapovat";"1";"0,008"
"2490";"mařit";"1";"0,008"
"2491";"přisolovat";"1";"0,008"
"2492";"pootáčet";"1";"0,008"
"2493";"démonizovat";"1";"0,008"
"2494";"upřesňovat";"1";"0,008"
"2495";"poplácávat";"1";"0,008"
"2496";"zavinovat";"1";"0,008"
"2497";"rozdílet";"1";"0,008"
"2498";"podtrhovat";"1";"0,008"
"2499";"pobízet";"1";"0,008"
"2500";"podmiňovat";"1";"0,008"
"2501";"rozpínat";"1";"0,008"
"2502";"obořovat";"1";"0,008"
"2503";"ejakulovat";"1";"0,008"
"2504";"vymetat";"1";"0,008"
"2505";"kvantifikovat";"1";"0,008"
"2506";"odlévat";"1";"0,008"
"2507";"ohlašovat";"1";"0,008"
"2508";"rozehřívat";"1";"0,008"
"2509";"řadit";"1";"0,008"
"2510";"spolčovat";"1";"0,008"
"2511";"ručit";"1";"0,008"
"2512";"zachraňovat";"1";"0,008"
"2513";"rabovat";"1";"0,008"
"2514";"šroubovat";"1";"0,008"
"2515";"prznit";"1";"0,008"
"2516";"penetrovat";"1";"0,008"
"2517";"postřikovat";"1";"0,008"
"2518";"glazovat";"1";"0,008"
"2519";"okupovat";"1";"0,008"
"2520";"přesušovat";"1";"0,008"
"2521";"zaklápět";"1";"0,008"
"2522";"přehnojovat";"1";"0,008"
"2523";"zvelebovat";"1";"0,008"
"2524";"olejovat";"1";"0,008"
"2525";"tepovat";"1";"0,008"
"2526";"zameškávat";"1";"0,008"
"2527";"roubovat";"1";"0,008"
"2528";"zanevírat";"1";"0,008"
"2529";"kotvit";"1";"0,008"
"2530";"obrábět";"1";"0,008"
"2531";"hrubovat";"1";"0,008"
"2532";"drážkovat";"1";"0,008"
"2533";"kalibrovat";"1";"0,008"
"2534";"moknout";"1";"0,008"
"2535";"kondolovat";"1";"0,008"
"2536";"kvákat";"1";"0,008"
"2537";"zakoušet";"1";"0,008"
"2538";"usvědčovat";"1";"0,008"
"2539";"přemílat";"1";"0,008"
"2540";"adorovat";"1";"0,008"
"2541";"pozbývat";"1";"0,008"
"2542";"rozpomínat";"1";"0,008"
"2543";"pozdvihovat";"1";"0,008"
"2544";"sjednocovat";"1";"0,008"
"2545";"vyvyšovat";"1";"0,008"
"2546";"uznávat";"1";"0,008"
"2547";"cvakat";"1";"0,008"
"2548";"obíhat";"1";"0,008"
"2549";"přimykat";"1";"0,008"
"2550";"osvěcovat";"1";"0,008"
"2551";"fackovat";"1";"0,008"
"2552";"švitořit";"1";"0,008"
"2553";"dokrmovat";"1";"0,008"
"2554";"šilhat";"1";"0,008"
"2555";"věstit";"1";"0,008"
"2556";"debatovat";"1";"0,008"
"2557";"zatlačovat";"1";"0,008"
"2558";"klonovat";"1";"0,008"
"2559";"kralovat";"1";"0,008"
"2560";"sprintovat";"1";"0,008"
"2561";"týt";"1";"0,008"
"2562";"zabarvovat";"1";"0,008"
"2563";"stíhat";"1";"0,008"
"2564";"sponzorovat";"1";"0,008"
"2565";"zrušovat";"1";"0,008"
"2566";"znečišťovat";"1";"0,008"
"2567";"konstruovat";"1";"0,008"
"2568";"ironizovat";"1";"0,008"
"2569";"pudrovat";"1";"0,008"
"2570";"perlit";"1";"0,008"
"2571";"datlovat";"1";"0,008"
"2572";"zábst";"1";"0,008"
"2573";"intrikovat";"1";"0,008"
"2574";"huhňat";"1";"0,008"
"2575";"bojkotovat";"1";"0,008"
"2576";"nadhodnocovat";"1";"0,008"
"2577";"dokazovat";"1";"0,008"
"2578";"objíždět";"1";"0,008"
"2579";"kynout";"1";"0,008"
"2580";"obstarávat";"1";"0,008"
"2581";"tratit";"1";"0,008"
"2582";"vynikat";"1";"0,008"
"2583";"ozřejmovat";"1";"0,008"
"2584";"zachycovat";"1";"0,008"
"2585";"zakreslovat";"1";"0,008"
"2586";"rozvážet";"1";"0,008"
"2587";"proudit";"1";"0,008"
"2588";"propůjčovat";"1";"0,008"
"2589";"namítat";"1";"0,008"
"2590";"mstít";"1";"0,008"
"2591";"reformovat";"1";"0,008"
"2592";"apelovat";"1";"0,008"
"2593";"čeřit";"1";"0,008"
"2594";"obdarovávat";"1";"0,008"
"2595";"odvozovat";"1";"0,008"
"2596";"troufat";"1";"0,008"
"2597";"mňoukat";"1";"0,008"
"2598";"vykupovat";"1";"0,008"
"2599";"předpírat";"1";"0,008"
"2600";"papírovat";"1";"0,008"
"2601";"komponovat";"1";"0,008"
"2602";"naskakovat";"1";"0,008"
"2603";"zmlazovat";"1";"0,008"
"2604";"roztrubovat";"1";"0,008"
"2605";"hudrovat";"1";"0,008"
"2606";"cucávat";"1";"0,008"
"2607";"přešlapovat";"1";"0,008"
"2608";"gestikulovat";"1";"0,008"
"2609";"lapat";"1";"0,008"
"2610";"zlevňovat";"1";"0,008"
"2611";"lelkovat";"1";"0,008"
"2612";"kvantovat";"1";"0,008"
"2613";"přemísťovat";"1";"0,008"
"2614";"určovat";"1";"0,008"
"2615";"popocházet";"1";"0,008"
"2616";"vytloukat";"1";"0,008"
"2617";"balíčkovat";"1";"0,008"
"2618";"přihrnovat";"1";"0,008"
"2619";"pršet";"1";"0,008"
"2620";"pojímat";"1";"0,008"
"2621";"prokypřovat";"1";"0,008"
"2622";"odmašťovat";"1";"0,008"
